[      67ms] [LOG] %c Console Ninja extension is connected to Vite, background: rgb(30,30,30); color: rgb(255,213,92) see https://tinyurl.com/2vt8jxzw for more info. @ :0
[     122ms] [INFO] %cDownload the React DevTools for a better development experience: https://reactjs.org/link/react-devtools font-weight:bold @ http://localhost:5174/node_modules/.vite/deps/chunk-334SA7H6.js?v=6e2a7132:21550
[     162ms] [WARNING] ⚠️ React Router Future Flag Warning: React Router will begin wrapping state updates in `React.startTransition` in v7. You can use the `v7_startTransition` future flag to opt-in early. For more information, see https://reactrouter.com/v6/upgrading/future#v7_starttransition. @ http://localhost:5174/node_modules/.vite/deps/react-router-dom.js?v=6e2a7132:4426
[     162ms] [WARNING] ⚠️ React Router Future Flag Warning: Relative route resolution within Splat routes is changing in v7. You can use the `v7_relativeSplatPath` future flag to opt-in early. For more information, see https://reactrouter.com/v6/upgrading/future#v7_relativesplatpath. @ http://localhost:5174/node_modules/.vite/deps/react-router-dom.js?v=6e2a7132:4426
[    3201ms] [WARNING] The resource http://localhost:5174/fonts/dm-sans-400.woff2 was preloaded using link preload but not used within a few seconds from the window's load event. Please make sure it has an appropriate `as` value and it is preloaded intentionally. @ http://localhost:5174/:0
[    3201ms] [WARNING] The resource http://localhost:5174/fonts/playfair-900.woff2 was preloaded using link preload but not used within a few seconds from the window's load event. Please make sure it has an appropriate `as` value and it is preloaded intentionally. @ http://localhost:5174/:0
[   11889ms] [WARNING] The resource http://localhost:5174/fonts/dm-sans-400.woff2 was preloaded using link preload but not used within a few seconds from the window's load event. Please make sure it has an appropriate `as` value and it is preloaded intentionally. @ http://localhost:5174/:0
[   11889ms] [WARNING] The resource http://localhost:5174/fonts/playfair-900.woff2 was preloaded using link preload but not used within a few seconds from the window's load event. Please make sure it has an appropriate `as` value and it is preloaded intentionally. @ http://localhost:5174/:0
[   19043ms] [LOG] [vite] server connection lost. Polling for restart... @ http://localhost:5174/@vite/client:559
[   19044ms] [ERROR] Failed to load resource: net::ERR_CONNECTION_REFUSED @ http://localhost:5174/:0
[   20046ms] [ERROR] Failed to load resource: net::ERR_CONNECTION_REFUSED @ http://localhost:5174/:0
[   21050ms] [ERROR] Failed to load resource: net::ERR_CONNECTION_REFUSED @ http://localhost:5174/:0
[   22052ms] [ERROR] Failed to load resource: net::ERR_CONNECTION_REFUSED @ http://localhost:5174/:0
[   23056ms] [ERROR] Failed to load resource: net::ERR_CONNECTION_REFUSED @ http://localhost:5174/:0
[   24060ms] [ERROR] Failed to load resource: net::ERR_CONNECTION_REFUSED @ http://localhost:5174/:0
[   25064ms] [ERROR] Failed to load resource: net::ERR_CONNECTION_REFUSED @ http://localhost:5174/:0
[   26069ms] [ERROR] Failed to load resource: net::ERR_CONNECTION_REFUSED @ http://localhost:5174/:0
[   27072ms] [ERROR] Failed to load resource: net::ERR_CONNECTION_REFUSED @ http://localhost:5174/:0
[   28075ms] [ERROR] Failed to load resource: net::ERR_CONNECTION_REFUSED @ http://localhost:5174/:0
[   29078ms] [ERROR] Failed to load resource: net::ERR_CONNECTION_REFUSED @ http://localhost:5174/:0
[   30083ms] [ERROR] Failed to load resource: net::ERR_CONNECTION_REFUSED @ http://localhost:5174/:0
[   31087ms] [ERROR] Failed to load resource: net::ERR_CONNECTION_REFUSED @ http://localhost:5174/:0
[   32089ms] [ERROR] Failed to load resource: net::ERR_CONNECTION_REFUSED @ http://localhost:5174/:0
[   33092ms] [ERROR] Failed to load resource: net::ERR_CONNECTION_REFUSED @ http://localhost:5174/:0
[   34096ms] [ERROR] Failed to load resource: net::ERR_CONNECTION_REFUSED @ http://localhost:5174/:0
[   35100ms] [ERROR] Failed to load resource: net::ERR_CONNECTION_REFUSED @ http://localhost:5174/:0
[   36105ms] [ERROR] Failed to load resource: net::ERR_CONNECTION_REFUSED @ http://localhost:5174/:0
[   37108ms] [ERROR] Failed to load resource: net::ERR_CONNECTION_REFUSED @ http://localhost:5174/:0
[   38112ms] [ERROR] Failed to load resource: net::ERR_CONNECTION_REFUSED @ http://localhost:5174/:0
[   39116ms] [ERROR] Failed to load resource: net::ERR_CONNECTION_REFUSED @ http://localhost:5174/:0
[   40119ms] [ERROR] Failed to load resource: net::ERR_CONNECTION_REFUSED @ http://localhost:5174/:0
[   41121ms] [ERROR] Failed to load resource: net::ERR_CONNECTION_REFUSED @ http://localhost:5174/:0
[   42125ms] [ERROR] Failed to load resource: net::ERR_CONNECTION_REFUSED @ http://localhost:5174/:0
[   43129ms] [ERROR] Failed to load resource: net::ERR_CONNECTION_REFUSED @ http://localhost:5174/:0
[   44133ms] [ERROR] Failed to load resource: net::ERR_CONNECTION_REFUSED @ http://localhost:5174/:0
[   45136ms] [ERROR] Failed to load resource: net::ERR_CONNECTION_REFUSED @ http://localhost:5174/:0
[   46139ms] [ERROR] Failed to load resource: net::ERR_CONNECTION_REFUSED @ http://localhost:5174/:0
[   47142ms] [ERROR] Failed to load resource: net::ERR_CONNECTION_REFUSED @ http://localhost:5174/:0
[   48147ms] [ERROR] Failed to load resource: net::ERR_CONNECTION_REFUSED @ http://localhost:5174/:0
[   49149ms] [ERROR] Failed to load resource: net::ERR_CONNECTION_REFUSED @ http://localhost:5174/:0
[   50153ms] [ERROR] Failed to load resource: net::ERR_CONNECTION_REFUSED @ http://localhost:5174/:0
[   51158ms] [ERROR] Failed to load resource: net::ERR_CONNECTION_REFUSED @ http://localhost:5174/:0
[   52162ms] [ERROR] Failed to load resource: net::ERR_CONNECTION_REFUSED @ http://localhost:5174/:0
[   53166ms] [ERROR] Failed to load resource: net::ERR_CONNECTION_REFUSED @ http://localhost:5174/:0
[   54169ms] [ERROR] Failed to load resource: net::ERR_CONNECTION_REFUSED @ http://localhost:5174/:0
[   55174ms] [ERROR] Failed to load resource: net::ERR_CONNECTION_REFUSED @ http://localhost:5174/:0
[   56179ms] [ERROR] Failed to load resource: net::ERR_CONNECTION_REFUSED @ http://localhost:5174/:0
[   57181ms] [ERROR] Failed to load resource: net::ERR_CONNECTION_REFUSED @ http://localhost:5174/:0
[   58186ms] [ERROR] Failed to load resource: net::ERR_CONNECTION_REFUSED @ http://localhost:5174/:0
[   59191ms] [ERROR] Failed to load resource: net::ERR_CONNECTION_REFUSED @ http://localhost:5174/:0
[   60193ms] [ERROR] Failed to load resource: net::ERR_CONNECTION_REFUSED @ http://localhost:5174/:0
[   61196ms] [ERROR] Failed to load resource: net::ERR_CONNECTION_REFUSED @ http://localhost:5174/:0
[   62200ms] [ERROR] Failed to load resource: net::ERR_CONNECTION_REFUSED @ http://localhost:5174/:0
[   63205ms] [ERROR] Failed to load resource: net::ERR_CONNECTION_REFUSED @ http://localhost:5174/:0
[   64208ms] [ERROR] Failed to load resource: net::ERR_CONNECTION_REFUSED @ http://localhost:5174/:0
[   65211ms] [ERROR] Failed to load resource: net::ERR_CONNECTION_REFUSED @ http://localhost:5174/:0
[   66213ms] [ERROR] Failed to load resource: net::ERR_CONNECTION_REFUSED @ http://localhost:5174/:0
[   67216ms] [ERROR] Failed to load resource: net::ERR_CONNECTION_REFUSED @ http://localhost:5174/:0
[   68221ms] [ERROR] Failed to load resource: net::ERR_CONNECTION_REFUSED @ http://localhost:5174/:0
[   69224ms] [ERROR] Failed to load resource: net::ERR_CONNECTION_REFUSED @ http://localhost:5174/:0
[   70226ms] [ERROR] Failed to load resource: net::ERR_CONNECTION_REFUSED @ http://localhost:5174/:0
[   71230ms] [ERROR] Failed to load resource: net::ERR_CONNECTION_REFUSED @ http://localhost:5174/:0
[   72234ms] [ERROR] Failed to load resource: net::ERR_CONNECTION_REFUSED @ http://localhost:5174/:0
[   73238ms] [ERROR] Failed to load resource: net::ERR_CONNECTION_REFUSED @ http://localhost:5174/:0
[   74241ms] [ERROR] Failed to load resource: net::ERR_CONNECTION_REFUSED @ http://localhost:5174/:0
[   75244ms] [ERROR] Failed to load resource: net::ERR_CONNECTION_REFUSED @ http://localhost:5174/:0
[   76248ms] [ERROR] Failed to load resource: net::ERR_CONNECTION_REFUSED @ http://localhost:5174/:0
[   77251ms] [ERROR] Failed to load resource: net::ERR_CONNECTION_REFUSED @ http://localhost:5174/:0
[   78254ms] [ERROR] Failed to load resource: net::ERR_CONNECTION_REFUSED @ http://localhost:5174/:0
[   79257ms] [ERROR] Failed to load resource: net::ERR_CONNECTION_REFUSED @ http://localhost:5174/:0
[   80262ms] [ERROR] Failed to load resource: net::ERR_CONNECTION_REFUSED @ http://localhost:5174/:0
[   81267ms] [ERROR] Failed to load resource: net::ERR_CONNECTION_REFUSED @ http://localhost:5174/:0
[   82271ms] [ERROR] Failed to load resource: net::ERR_CONNECTION_REFUSED @ http://localhost:5174/:0
[   83275ms] [ERROR] Failed to load resource: net::ERR_CONNECTION_REFUSED @ http://localhost:5174/:0
[   84278ms] [ERROR] Failed to load resource: net::ERR_CONNECTION_REFUSED @ http://localhost:5174/:0
[   85282ms] [ERROR] Failed to load resource: net::ERR_CONNECTION_REFUSED @ http://localhost:5174/:0
[   86285ms] [ERROR] Failed to load resource: net::ERR_CONNECTION_REFUSED @ http://localhost:5174/:0
[   87288ms] [ERROR] Failed to load resource: net::ERR_CONNECTION_REFUSED @ http://localhost:5174/:0
[   88291ms] [ERROR] Failed to load resource: net::ERR_CONNECTION_REFUSED @ http://localhost:5174/:0
[   89294ms] [ERROR] Failed to load resource: net::ERR_CONNECTION_REFUSED @ http://localhost:5174/:0
[   90297ms] [ERROR] Failed to load resource: net::ERR_CONNECTION_REFUSED @ http://localhost:5174/:0
[   91300ms] [ERROR] Failed to load resource: net::ERR_CONNECTION_REFUSED @ http://localhost:5174/:0
[   92304ms] [ERROR] Failed to load resource: net::ERR_CONNECTION_REFUSED @ http://localhost:5174/:0
[   93308ms] [ERROR] Failed to load resource: net::ERR_CONNECTION_REFUSED @ http://localhost:5174/:0
[   94313ms] [ERROR] Failed to load resource: net::ERR_CONNECTION_REFUSED @ http://localhost:5174/:0
[   95316ms] [ERROR] Failed to load resource: net::ERR_CONNECTION_REFUSED @ http://localhost:5174/:0
[   96319ms] [ERROR] Failed to load resource: net::ERR_CONNECTION_REFUSED @ http://localhost:5174/:0
[   97323ms] [ERROR] Failed to load resource: net::ERR_CONNECTION_REFUSED @ http://localhost:5174/:0
[   98326ms] [ERROR] Failed to load resource: net::ERR_CONNECTION_REFUSED @ http://localhost:5174/:0
[   99329ms] [ERROR] Failed to load resource: net::ERR_CONNECTION_REFUSED @ http://localhost:5174/:0
[  100333ms] [ERROR] Failed to load resource: net::ERR_CONNECTION_REFUSED @ http://localhost:5174/:0
[  101336ms] [ERROR] Failed to load resource: net::ERR_CONNECTION_REFUSED @ http://localhost:5174/:0
[  102340ms] [ERROR] Failed to load resource: net::ERR_CONNECTION_REFUSED @ http://localhost:5174/:0
[  103343ms] [ERROR] Failed to load resource: net::ERR_CONNECTION_REFUSED @ http://localhost:5174/:0
[  104346ms] [ERROR] Failed to load resource: net::ERR_CONNECTION_REFUSED @ http://localhost:5174/:0
[  105350ms] [ERROR] Failed to load resource: net::ERR_CONNECTION_REFUSED @ http://localhost:5174/:0
[  106355ms] [ERROR] Failed to load resource: net::ERR_CONNECTION_REFUSED @ http://localhost:5174/:0
[  107358ms] [ERROR] Failed to load resource: net::ERR_CONNECTION_REFUSED @ http://localhost:5174/:0
[  108362ms] [ERROR] Failed to load resource: net::ERR_CONNECTION_REFUSED @ http://localhost:5174/:0
[  109367ms] [ERROR] Failed to load resource: net::ERR_CONNECTION_REFUSED @ http://localhost:5174/:0
[  110371ms] [ERROR] Failed to load resource: net::ERR_CONNECTION_REFUSED @ http://localhost:5174/:0
[  111374ms] [ERROR] Failed to load resource: net::ERR_CONNECTION_REFUSED @ http://localhost:5174/:0
[  112379ms] [ERROR] Failed to load resource: net::ERR_CONNECTION_REFUSED @ http://localhost:5174/:0
[  113384ms] [ERROR] Failed to load resource: net::ERR_CONNECTION_REFUSED @ http://localhost:5174/:0
[  114388ms] [ERROR] Failed to load resource: net::ERR_CONNECTION_REFUSED @ http://localhost:5174/:0
[  115391ms] [ERROR] Failed to load resource: net::ERR_CONNECTION_REFUSED @ http://localhost:5174/:0
[  116395ms] [ERROR] Failed to load resource: net::ERR_CONNECTION_REFUSED @ http://localhost:5174/:0
[  117400ms] [ERROR] Failed to load resource: net::ERR_CONNECTION_REFUSED @ http://localhost:5174/:0
[  118404ms] [ERROR] Failed to load resource: net::ERR_CONNECTION_REFUSED @ http://localhost:5174/:0
[  119407ms] [ERROR] Failed to load resource: net::ERR_CONNECTION_REFUSED @ http://localhost:5174/:0
[  120413ms] [ERROR] Failed to load resource: net::ERR_CONNECTION_REFUSED @ http://localhost:5174/:0
[  121416ms] [ERROR] Failed to load resource: net::ERR_CONNECTION_REFUSED @ http://localhost:5174/:0
[  122420ms] [ERROR] Failed to load resource: net::ERR_CONNECTION_REFUSED @ http://localhost:5174/:0
[  123424ms] [ERROR] Failed to load resource: net::ERR_CONNECTION_REFUSED @ http://localhost:5174/:0
[  124428ms] [ERROR] Failed to load resource: net::ERR_CONNECTION_REFUSED @ http://localhost:5174/:0
[  125431ms] [ERROR] Failed to load resource: net::ERR_CONNECTION_REFUSED @ http://localhost:5174/:0
[  126435ms] [ERROR] Failed to load resource: net::ERR_CONNECTION_REFUSED @ http://localhost:5174/:0
[  127439ms] [ERROR] Failed to load resource: net::ERR_CONNECTION_REFUSED @ http://localhost:5174/:0
[  128442ms] [ERROR] Failed to load resource: net::ERR_CONNECTION_REFUSED @ http://localhost:5174/:0
[  129445ms] [ERROR] Failed to load resource: net::ERR_CONNECTION_REFUSED @ http://localhost:5174/:0
[  130449ms] [ERROR] Failed to load resource: net::ERR_CONNECTION_REFUSED @ http://localhost:5174/:0
[  131453ms] [ERROR] Failed to load resource: net::ERR_CONNECTION_REFUSED @ http://localhost:5174/:0
[  132458ms] [ERROR] Failed to load resource: net::ERR_CONNECTION_REFUSED @ http://localhost:5174/:0
[  133461ms] [ERROR] Failed to load resource: net::ERR_CONNECTION_REFUSED @ http://localhost:5174/:0
[  134465ms] [ERROR] Failed to load resource: net::ERR_CONNECTION_REFUSED @ http://localhost:5174/:0
[  135468ms] [ERROR] Failed to load resource: net::ERR_CONNECTION_REFUSED @ http://localhost:5174/:0
[  136473ms] [ERROR] Failed to load resource: net::ERR_CONNECTION_REFUSED @ http://localhost:5174/:0
[  137476ms] [ERROR] Failed to load resource: net::ERR_CONNECTION_REFUSED @ http://localhost:5174/:0
[  138480ms] [ERROR] Failed to load resource: net::ERR_CONNECTION_REFUSED @ http://localhost:5174/:0
[  139484ms] [ERROR] Failed to load resource: net::ERR_CONNECTION_REFUSED @ http://localhost:5174/:0
[  140486ms] [ERROR] Failed to load resource: net::ERR_CONNECTION_REFUSED @ http://localhost:5174/:0
[  141489ms] [ERROR] Failed to load resource: net::ERR_CONNECTION_REFUSED @ http://localhost:5174/:0
[  142492ms] [ERROR] Failed to load resource: net::ERR_CONNECTION_REFUSED @ http://localhost:5174/:0
[  143496ms] [ERROR] Failed to load resource: net::ERR_CONNECTION_REFUSED @ http://localhost:5174/:0
[  144501ms] [ERROR] Failed to load resource: net::ERR_CONNECTION_REFUSED @ http://localhost:5174/:0
[  145503ms] [ERROR] Failed to load resource: net::ERR_CONNECTION_REFUSED @ http://localhost:5174/:0
[  146507ms] [ERROR] Failed to load resource: net::ERR_CONNECTION_REFUSED @ http://localhost:5174/:0
[  147511ms] [ERROR] Failed to load resource: net::ERR_CONNECTION_REFUSED @ http://localhost:5174/:0
[  148516ms] [ERROR] Failed to load resource: net::ERR_CONNECTION_REFUSED @ http://localhost:5174/:0
[  149520ms] [ERROR] Failed to load resource: net::ERR_CONNECTION_REFUSED @ http://localhost:5174/:0
[  150522ms] [ERROR] Failed to load resource: net::ERR_CONNECTION_REFUSED @ http://localhost:5174/:0
[  151526ms] [ERROR] Failed to load resource: net::ERR_CONNECTION_REFUSED @ http://localhost:5174/:0
[  152531ms] [ERROR] Failed to load resource: net::ERR_CONNECTION_REFUSED @ http://localhost:5174/:0
[  153534ms] [ERROR] Failed to load resource: net::ERR_CONNECTION_REFUSED @ http://localhost:5174/:0
[  154537ms] [ERROR] Failed to load resource: net::ERR_CONNECTION_REFUSED @ http://localhost:5174/:0
[  155539ms] [ERROR] Failed to load resource: net::ERR_CONNECTION_REFUSED @ http://localhost:5174/:0
[  156542ms] [ERROR] Failed to load resource: net::ERR_CONNECTION_REFUSED @ http://localhost:5174/:0
[  157546ms] [ERROR] Failed to load resource: net::ERR_CONNECTION_REFUSED @ http://localhost:5174/:0
[  158549ms] [ERROR] Failed to load resource: net::ERR_CONNECTION_REFUSED @ http://localhost:5174/:0
[  159551ms] [ERROR] Failed to load resource: net::ERR_CONNECTION_REFUSED @ http://localhost:5174/:0
[  160553ms] [ERROR] Failed to load resource: net::ERR_CONNECTION_REFUSED @ http://localhost:5174/:0
[  161557ms] [ERROR] Failed to load resource: net::ERR_CONNECTION_REFUSED @ http://localhost:5174/:0
[  162561ms] [ERROR] Failed to load resource: net::ERR_CONNECTION_REFUSED @ http://localhost:5174/:0
[  163564ms] [ERROR] Failed to load resource: net::ERR_CONNECTION_REFUSED @ http://localhost:5174/:0
[  164567ms] [ERROR] Failed to load resource: net::ERR_CONNECTION_REFUSED @ http://localhost:5174/:0
[  165570ms] [ERROR] Failed to load resource: net::ERR_CONNECTION_REFUSED @ http://localhost:5174/:0
[  166575ms] [ERROR] Failed to load resource: net::ERR_CONNECTION_REFUSED @ http://localhost:5174/:0
[  167579ms] [ERROR] Failed to load resource: net::ERR_CONNECTION_REFUSED @ http://localhost:5174/:0
[  168582ms] [ERROR] Failed to load resource: net::ERR_CONNECTION_REFUSED @ http://localhost:5174/:0
[  169585ms] [ERROR] Failed to load resource: net::ERR_CONNECTION_REFUSED @ http://localhost:5174/:0
[  170589ms] [ERROR] Failed to load resource: net::ERR_CONNECTION_REFUSED @ http://localhost:5174/:0
[  171593ms] [ERROR] Failed to load resource: net::ERR_CONNECTION_REFUSED @ http://localhost:5174/:0
[  172596ms] [ERROR] Failed to load resource: net::ERR_CONNECTION_REFUSED @ http://localhost:5174/:0
[  173600ms] [ERROR] Failed to load resource: net::ERR_CONNECTION_REFUSED @ http://localhost:5174/:0
[  174602ms] [ERROR] Failed to load resource: net::ERR_CONNECTION_REFUSED @ http://localhost:5174/:0
[  175606ms] [ERROR] Failed to load resource: net::ERR_CONNECTION_REFUSED @ http://localhost:5174/:0
[  176609ms] [ERROR] Failed to load resource: net::ERR_CONNECTION_REFUSED @ http://localhost:5174/:0
[  177612ms] [ERROR] Failed to load resource: net::ERR_CONNECTION_REFUSED @ http://localhost:5174/:0
[  178616ms] [ERROR] Failed to load resource: net::ERR_CONNECTION_REFUSED @ http://localhost:5174/:0
[  179621ms] [ERROR] Failed to load resource: net::ERR_CONNECTION_REFUSED @ http://localhost:5174/:0
[  180623ms] [ERROR] Failed to load resource: net::ERR_CONNECTION_REFUSED @ http://localhost:5174/:0
[  181624ms] [ERROR] Failed to load resource: net::ERR_CONNECTION_REFUSED @ http://localhost:5174/:0
[  182628ms] [ERROR] Failed to load resource: net::ERR_CONNECTION_REFUSED @ http://localhost:5174/:0
[  183631ms] [ERROR] Failed to load resource: net::ERR_CONNECTION_REFUSED @ http://localhost:5174/:0
[  184635ms] [ERROR] Failed to load resource: net::ERR_CONNECTION_REFUSED @ http://localhost:5174/:0
[  185637ms] [ERROR] Failed to load resource: net::ERR_CONNECTION_REFUSED @ http://localhost:5174/:0
[  186639ms] [ERROR] Failed to load resource: net::ERR_CONNECTION_REFUSED @ http://localhost:5174/:0
[  187640ms] [ERROR] Failed to load resource: net::ERR_CONNECTION_REFUSED @ http://localhost:5174/:0
[  188645ms] [ERROR] Failed to load resource: net::ERR_CONNECTION_REFUSED @ http://localhost:5174/:0
[  189648ms] [ERROR] Failed to load resource: net::ERR_CONNECTION_REFUSED @ http://localhost:5174/:0
[  190650ms] [ERROR] Failed to load resource: net::ERR_CONNECTION_REFUSED @ http://localhost:5174/:0
[  191653ms] [ERROR] Failed to load resource: net::ERR_CONNECTION_REFUSED @ http://localhost:5174/:0
[  192655ms] [ERROR] Failed to load resource: net::ERR_CONNECTION_REFUSED @ http://localhost:5174/:0
[  193658ms] [ERROR] Failed to load resource: net::ERR_CONNECTION_REFUSED @ http://localhost:5174/:0
[  194662ms] [ERROR] Failed to load resource: net::ERR_CONNECTION_REFUSED @ http://localhost:5174/:0
[  195666ms] [ERROR] Failed to load resource: net::ERR_CONNECTION_REFUSED @ http://localhost:5174/:0
[  196670ms] [ERROR] Failed to load resource: net::ERR_CONNECTION_REFUSED @ http://localhost:5174/:0
[  197673ms] [ERROR] Failed to load resource: net::ERR_CONNECTION_REFUSED @ http://localhost:5174/:0
[  198677ms] [ERROR] Failed to load resource: net::ERR_CONNECTION_REFUSED @ http://localhost:5174/:0
[  199681ms] [ERROR] Failed to load resource: net::ERR_CONNECTION_REFUSED @ http://localhost:5174/:0
[  200683ms] [ERROR] Failed to load resource: net::ERR_CONNECTION_REFUSED @ http://localhost:5174/:0
[  201685ms] [ERROR] Failed to load resource: net::ERR_CONNECTION_REFUSED @ http://localhost:5174/:0
[  202689ms] [ERROR] Failed to load resource: net::ERR_CONNECTION_REFUSED @ http://localhost:5174/:0
[  203692ms] [ERROR] Failed to load resource: net::ERR_CONNECTION_REFUSED @ http://localhost:5174/:0
[  204696ms] [ERROR] Failed to load resource: net::ERR_CONNECTION_REFUSED @ http://localhost:5174/:0
[  205697ms] [ERROR] Failed to load resource: net::ERR_CONNECTION_REFUSED @ http://localhost:5174/:0
[  206699ms] [ERROR] Failed to load resource: net::ERR_CONNECTION_REFUSED @ http://localhost:5174/:0
[  207701ms] [ERROR] Failed to load resource: net::ERR_CONNECTION_REFUSED @ http://localhost:5174/:0
[  208704ms] [ERROR] Failed to load resource: net::ERR_CONNECTION_REFUSED @ http://localhost:5174/:0
[  209706ms] [ERROR] Failed to load resource: net::ERR_CONNECTION_REFUSED @ http://localhost:5174/:0
[  210709ms] [ERROR] Failed to load resource: net::ERR_CONNECTION_REFUSED @ http://localhost:5174/:0
[  211712ms] [ERROR] Failed to load resource: net::ERR_CONNECTION_REFUSED @ http://localhost:5174/:0
[  212715ms] [ERROR] Failed to load resource: net::ERR_CONNECTION_REFUSED @ http://localhost:5174/:0
[  213719ms] [ERROR] Failed to load resource: net::ERR_CONNECTION_REFUSED @ http://localhost:5174/:0
[  214722ms] [ERROR] Failed to load resource: net::ERR_CONNECTION_REFUSED @ http://localhost:5174/:0
[  215726ms] [ERROR] Failed to load resource: net::ERR_CONNECTION_REFUSED @ http://localhost:5174/:0
[  216730ms] [ERROR] Failed to load resource: net::ERR_CONNECTION_REFUSED @ http://localhost:5174/:0
[  217734ms] [ERROR] Failed to load resource: net::ERR_CONNECTION_REFUSED @ http://localhost:5174/:0
[  218739ms] [ERROR] Failed to load resource: net::ERR_CONNECTION_REFUSED @ http://localhost:5174/:0
[  219742ms] [ERROR] Failed to load resource: net::ERR_CONNECTION_REFUSED @ http://localhost:5174/:0
[  220745ms] [ERROR] Failed to load resource: net::ERR_CONNECTION_REFUSED @ http://localhost:5174/:0
[  221749ms] [ERROR] Failed to load resource: net::ERR_CONNECTION_REFUSED @ http://localhost:5174/:0
[  222752ms] [ERROR] Failed to load resource: net::ERR_CONNECTION_REFUSED @ http://localhost:5174/:0
[  223757ms] [ERROR] Failed to load resource: net::ERR_CONNECTION_REFUSED @ http://localhost:5174/:0
[  224759ms] [ERROR] Failed to load resource: net::ERR_CONNECTION_REFUSED @ http://localhost:5174/:0
[  225762ms] [ERROR] Failed to load resource: net::ERR_CONNECTION_REFUSED @ http://localhost:5174/:0
[  226766ms] [ERROR] Failed to load resource: net::ERR_CONNECTION_REFUSED @ http://localhost:5174/:0
[  227770ms] [ERROR] Failed to load resource: net::ERR_CONNECTION_REFUSED @ http://localhost:5174/:0
[  228772ms] [ERROR] Failed to load resource: net::ERR_CONNECTION_REFUSED @ http://localhost:5174/:0
[  229775ms] [ERROR] Failed to load resource: net::ERR_CONNECTION_REFUSED @ http://localhost:5174/:0
[  230780ms] [ERROR] Failed to load resource: net::ERR_CONNECTION_REFUSED @ http://localhost:5174/:0
[  231784ms] [ERROR] Failed to load resource: net::ERR_CONNECTION_REFUSED @ http://localhost:5174/:0
[  232788ms] [ERROR] Failed to load resource: net::ERR_CONNECTION_REFUSED @ http://localhost:5174/:0
[  233792ms] [ERROR] Failed to load resource: net::ERR_CONNECTION_REFUSED @ http://localhost:5174/:0
[  234796ms] [ERROR] Failed to load resource: net::ERR_CONNECTION_REFUSED @ http://localhost:5174/:0
[  235799ms] [ERROR] Failed to load resource: net::ERR_CONNECTION_REFUSED @ http://localhost:5174/:0
[  236803ms] [ERROR] Failed to load resource: net::ERR_CONNECTION_REFUSED @ http://localhost:5174/:0
[  237807ms] [ERROR] Failed to load resource: net::ERR_CONNECTION_REFUSED @ http://localhost:5174/:0
[  238812ms] [ERROR] Failed to load resource: net::ERR_CONNECTION_REFUSED @ http://localhost:5174/:0
[  239817ms] [ERROR] Failed to load resource: net::ERR_CONNECTION_REFUSED @ http://localhost:5174/:0
[  240820ms] [ERROR] Failed to load resource: net::ERR_CONNECTION_REFUSED @ http://localhost:5174/:0
[  241824ms] [ERROR] Failed to load resource: net::ERR_CONNECTION_REFUSED @ http://localhost:5174/:0
[  242828ms] [ERROR] Failed to load resource: net::ERR_CONNECTION_REFUSED @ http://localhost:5174/:0
[  243833ms] [ERROR] Failed to load resource: net::ERR_CONNECTION_REFUSED @ http://localhost:5174/:0
[  244837ms] [ERROR] Failed to load resource: net::ERR_CONNECTION_REFUSED @ http://localhost:5174/:0
[  245841ms] [ERROR] Failed to load resource: net::ERR_CONNECTION_REFUSED @ http://localhost:5174/:0
[  246846ms] [ERROR] Failed to load resource: net::ERR_CONNECTION_REFUSED @ http://localhost:5174/:0
[  247850ms] [ERROR] Failed to load resource: net::ERR_CONNECTION_REFUSED @ http://localhost:5174/:0
[  248854ms] [ERROR] Failed to load resource: net::ERR_CONNECTION_REFUSED @ http://localhost:5174/:0
[  249858ms] [ERROR] Failed to load resource: net::ERR_CONNECTION_REFUSED @ http://localhost:5174/:0
[  250863ms] [ERROR] Failed to load resource: net::ERR_CONNECTION_REFUSED @ http://localhost:5174/:0
[  251866ms] [ERROR] Failed to load resource: net::ERR_CONNECTION_REFUSED @ http://localhost:5174/:0
[  252870ms] [ERROR] Failed to load resource: net::ERR_CONNECTION_REFUSED @ http://localhost:5174/:0
[  253873ms] [ERROR] Failed to load resource: net::ERR_CONNECTION_REFUSED @ http://localhost:5174/:0
[  254878ms] [ERROR] Failed to load resource: net::ERR_CONNECTION_REFUSED @ http://localhost:5174/:0
[  255883ms] [ERROR] Failed to load resource: net::ERR_CONNECTION_REFUSED @ http://localhost:5174/:0
[  256886ms] [ERROR] Failed to load resource: net::ERR_CONNECTION_REFUSED @ http://localhost:5174/:0
[  257890ms] [ERROR] Failed to load resource: net::ERR_CONNECTION_REFUSED @ http://localhost:5174/:0
[  258893ms] [ERROR] Failed to load resource: net::ERR_CONNECTION_REFUSED @ http://localhost:5174/:0
[  259896ms] [ERROR] Failed to load resource: net::ERR_CONNECTION_REFUSED @ http://localhost:5174/:0
[  260899ms] [ERROR] Failed to load resource: net::ERR_CONNECTION_REFUSED @ http://localhost:5174/:0
[  261904ms] [ERROR] Failed to load resource: net::ERR_CONNECTION_REFUSED @ http://localhost:5174/:0
[  262905ms] [ERROR] Failed to load resource: net::ERR_CONNECTION_REFUSED @ http://localhost:5174/:0
[  263908ms] [ERROR] Failed to load resource: net::ERR_CONNECTION_REFUSED @ http://localhost:5174/:0
[  264912ms] [ERROR] Failed to load resource: net::ERR_CONNECTION_REFUSED @ http://localhost:5174/:0
[  265917ms] [ERROR] Failed to load resource: net::ERR_CONNECTION_REFUSED @ http://localhost:5174/:0
[  266921ms] [ERROR] Failed to load resource: net::ERR_CONNECTION_REFUSED @ http://localhost:5174/:0
[  267924ms] [ERROR] Failed to load resource: net::ERR_CONNECTION_REFUSED @ http://localhost:5174/:0
[  268927ms] [ERROR] Failed to load resource: net::ERR_CONNECTION_REFUSED @ http://localhost:5174/:0
[  269932ms] [ERROR] Failed to load resource: net::ERR_CONNECTION_REFUSED @ http://localhost:5174/:0
[  270936ms] [ERROR] Failed to load resource: net::ERR_CONNECTION_REFUSED @ http://localhost:5174/:0
[  271940ms] [ERROR] Failed to load resource: net::ERR_CONNECTION_REFUSED @ http://localhost:5174/:0
[  272944ms] [ERROR] Failed to load resource: net::ERR_CONNECTION_REFUSED @ http://localhost:5174/:0
[  273949ms] [ERROR] Failed to load resource: net::ERR_CONNECTION_REFUSED @ http://localhost:5174/:0
[  274952ms] [ERROR] Failed to load resource: net::ERR_CONNECTION_REFUSED @ http://localhost:5174/:0
[  275956ms] [ERROR] Failed to load resource: net::ERR_CONNECTION_REFUSED @ http://localhost:5174/:0
[  276961ms] [ERROR] Failed to load resource: net::ERR_CONNECTION_REFUSED @ http://localhost:5174/:0
[  277963ms] [ERROR] Failed to load resource: net::ERR_CONNECTION_REFUSED @ http://localhost:5174/:0
[  278966ms] [ERROR] Failed to load resource: net::ERR_CONNECTION_REFUSED @ http://localhost:5174/:0
[  279971ms] [ERROR] Failed to load resource: net::ERR_CONNECTION_REFUSED @ http://localhost:5174/:0
[  280975ms] [ERROR] Failed to load resource: net::ERR_CONNECTION_REFUSED @ http://localhost:5174/:0
[  281978ms] [ERROR] Failed to load resource: net::ERR_CONNECTION_REFUSED @ http://localhost:5174/:0
[  282980ms] [ERROR] Failed to load resource: net::ERR_CONNECTION_REFUSED @ http://localhost:5174/:0
[  283984ms] [ERROR] Failed to load resource: net::ERR_CONNECTION_REFUSED @ http://localhost:5174/:0
[  284988ms] [ERROR] Failed to load resource: net::ERR_CONNECTION_REFUSED @ http://localhost:5174/:0
[  285994ms] [ERROR] Failed to load resource: net::ERR_CONNECTION_REFUSED @ http://localhost:5174/:0
[  286998ms] [ERROR] Failed to load resource: net::ERR_CONNECTION_REFUSED @ http://localhost:5174/:0
[  288002ms] [ERROR] Failed to load resource: net::ERR_CONNECTION_REFUSED @ http://localhost:5174/:0
[  289007ms] [ERROR] Failed to load resource: net::ERR_CONNECTION_REFUSED @ http://localhost:5174/:0
[  290010ms] [ERROR] Failed to load resource: net::ERR_CONNECTION_REFUSED @ http://localhost:5174/:0
[  291014ms] [ERROR] Failed to load resource: net::ERR_CONNECTION_REFUSED @ http://localhost:5174/:0
[  292017ms] [ERROR] Failed to load resource: net::ERR_CONNECTION_REFUSED @ http://localhost:5174/:0
[  293021ms] [ERROR] Failed to load resource: net::ERR_CONNECTION_REFUSED @ http://localhost:5174/:0
[  294025ms] [ERROR] Failed to load resource: net::ERR_CONNECTION_REFUSED @ http://localhost:5174/:0
[  295029ms] [ERROR] Failed to load resource: net::ERR_CONNECTION_REFUSED @ http://localhost:5174/:0
[  296033ms] [ERROR] Failed to load resource: net::ERR_CONNECTION_REFUSED @ http://localhost:5174/:0
[  297038ms] [ERROR] Failed to load resource: net::ERR_CONNECTION_REFUSED @ http://localhost:5174/:0
[  298042ms] [ERROR] Failed to load resource: net::ERR_CONNECTION_REFUSED @ http://localhost:5174/:0
[  299045ms] [ERROR] Failed to load resource: net::ERR_CONNECTION_REFUSED @ http://localhost:5174/:0
[  300048ms] [ERROR] Failed to load resource: net::ERR_CONNECTION_REFUSED @ http://localhost:5174/:0
[  301053ms] [ERROR] Failed to load resource: net::ERR_CONNECTION_REFUSED @ http://localhost:5174/:0
[  302057ms] [ERROR] Failed to load resource: net::ERR_CONNECTION_REFUSED @ http://localhost:5174/:0
[  303062ms] [ERROR] Failed to load resource: net::ERR_CONNECTION_REFUSED @ http://localhost:5174/:0
[  304067ms] [ERROR] Failed to load resource: net::ERR_CONNECTION_REFUSED @ http://localhost:5174/:0
[  305070ms] [ERROR] Failed to load resource: net::ERR_CONNECTION_REFUSED @ http://localhost:5174/:0
[  306074ms] [ERROR] Failed to load resource: net::ERR_CONNECTION_REFUSED @ http://localhost:5174/:0
[  307078ms] [ERROR] Failed to load resource: net::ERR_CONNECTION_REFUSED @ http://localhost:5174/:0
[  308083ms] [ERROR] Failed to load resource: net::ERR_CONNECTION_REFUSED @ http://localhost:5174/:0
[  309087ms] [ERROR] Failed to load resource: net::ERR_CONNECTION_REFUSED @ http://localhost:5174/:0
[  310091ms] [ERROR] Failed to load resource: net::ERR_CONNECTION_REFUSED @ http://localhost:5174/:0
[  311096ms] [ERROR] Failed to load resource: net::ERR_CONNECTION_REFUSED @ http://localhost:5174/:0
[  312099ms] [ERROR] Failed to load resource: net::ERR_CONNECTION_REFUSED @ http://localhost:5174/:0
[  313102ms] [ERROR] Failed to load resource: net::ERR_CONNECTION_REFUSED @ http://localhost:5174/:0
[  314106ms] [ERROR] Failed to load resource: net::ERR_CONNECTION_REFUSED @ http://localhost:5174/:0
[  315110ms] [ERROR] Failed to load resource: net::ERR_CONNECTION_REFUSED @ http://localhost:5174/:0
[  316114ms] [ERROR] Failed to load resource: net::ERR_CONNECTION_REFUSED @ http://localhost:5174/:0
[  317117ms] [ERROR] Failed to load resource: net::ERR_CONNECTION_REFUSED @ http://localhost:5174/:0
[  318121ms] [ERROR] Failed to load resource: net::ERR_CONNECTION_REFUSED @ http://localhost:5174/:0
[  319126ms] [ERROR] Failed to load resource: net::ERR_CONNECTION_REFUSED @ http://localhost:5174/:0
[  320129ms] [ERROR] Failed to load resource: net::ERR_CONNECTION_REFUSED @ http://localhost:5174/:0
[  321133ms] [ERROR] Failed to load resource: net::ERR_CONNECTION_REFUSED @ http://localhost:5174/:0
[  322138ms] [ERROR] Failed to load resource: net::ERR_CONNECTION_REFUSED @ http://localhost:5174/:0
[  323142ms] [ERROR] Failed to load resource: net::ERR_CONNECTION_REFUSED @ http://localhost:5174/:0
[  324145ms] [ERROR] Failed to load resource: net::ERR_CONNECTION_REFUSED @ http://localhost:5174/:0
[  325148ms] [ERROR] Failed to load resource: net::ERR_CONNECTION_REFUSED @ http://localhost:5174/:0
[  326151ms] [ERROR] Failed to load resource: net::ERR_CONNECTION_REFUSED @ http://localhost:5174/:0
[  327157ms] [ERROR] Failed to load resource: net::ERR_CONNECTION_REFUSED @ http://localhost:5174/:0
[  328160ms] [ERROR] Failed to load resource: net::ERR_CONNECTION_REFUSED @ http://localhost:5174/:0
[  329164ms] [ERROR] Failed to load resource: net::ERR_CONNECTION_REFUSED @ http://localhost:5174/:0
[  330169ms] [ERROR] Failed to load resource: net::ERR_CONNECTION_REFUSED @ http://localhost:5174/:0
[  331171ms] [ERROR] Failed to load resource: net::ERR_CONNECTION_REFUSED @ http://localhost:5174/:0
[  332174ms] [ERROR] Failed to load resource: net::ERR_CONNECTION_REFUSED @ http://localhost:5174/:0
[  333177ms] [ERROR] Failed to load resource: net::ERR_CONNECTION_REFUSED @ http://localhost:5174/:0
[  334181ms] [ERROR] Failed to load resource: net::ERR_CONNECTION_REFUSED @ http://localhost:5174/:0
[  335185ms] [ERROR] Failed to load resource: net::ERR_CONNECTION_REFUSED @ http://localhost:5174/:0
[  336189ms] [ERROR] Failed to load resource: net::ERR_CONNECTION_REFUSED @ http://localhost:5174/:0
[  337193ms] [ERROR] Failed to load resource: net::ERR_CONNECTION_REFUSED @ http://localhost:5174/:0
[  338197ms] [ERROR] Failed to load resource: net::ERR_CONNECTION_REFUSED @ http://localhost:5174/:0
[  339202ms] [ERROR] Failed to load resource: net::ERR_CONNECTION_REFUSED @ http://localhost:5174/:0
[  340205ms] [ERROR] Failed to load resource: net::ERR_CONNECTION_REFUSED @ http://localhost:5174/:0
[  341209ms] [ERROR] Failed to load resource: net::ERR_CONNECTION_REFUSED @ http://localhost:5174/:0
[  342214ms] [ERROR] Failed to load resource: net::ERR_CONNECTION_REFUSED @ http://localhost:5174/:0
[  343219ms] [ERROR] Failed to load resource: net::ERR_CONNECTION_REFUSED @ http://localhost:5174/:0
[  344223ms] [ERROR] Failed to load resource: net::ERR_CONNECTION_REFUSED @ http://localhost:5174/:0
[  345227ms] [ERROR] Failed to load resource: net::ERR_CONNECTION_REFUSED @ http://localhost:5174/:0
[  346232ms] [ERROR] Failed to load resource: net::ERR_CONNECTION_REFUSED @ http://localhost:5174/:0
[  347236ms] [ERROR] Failed to load resource: net::ERR_CONNECTION_REFUSED @ http://localhost:5174/:0
[  348240ms] [ERROR] Failed to load resource: net::ERR_CONNECTION_REFUSED @ http://localhost:5174/:0
[  349245ms] [ERROR] Failed to load resource: net::ERR_CONNECTION_REFUSED @ http://localhost:5174/:0
[  350247ms] [ERROR] Failed to load resource: net::ERR_CONNECTION_REFUSED @ http://localhost:5174/:0
[  351251ms] [ERROR] Failed to load resource: net::ERR_CONNECTION_REFUSED @ http://localhost:5174/:0
[  352255ms] [ERROR] Failed to load resource: net::ERR_CONNECTION_REFUSED @ http://localhost:5174/:0
[  353261ms] [ERROR] Failed to load resource: net::ERR_CONNECTION_REFUSED @ http://localhost:5174/:0
[  354265ms] [ERROR] Failed to load resource: net::ERR_CONNECTION_REFUSED @ http://localhost:5174/:0
[  355269ms] [ERROR] Failed to load resource: net::ERR_CONNECTION_REFUSED @ http://localhost:5174/:0
[  356271ms] [ERROR] Failed to load resource: net::ERR_CONNECTION_REFUSED @ http://localhost:5174/:0
[  357274ms] [ERROR] Failed to load resource: net::ERR_CONNECTION_REFUSED @ http://localhost:5174/:0
[  358278ms] [ERROR] Failed to load resource: net::ERR_CONNECTION_REFUSED @ http://localhost:5174/:0
[  359282ms] [ERROR] Failed to load resource: net::ERR_CONNECTION_REFUSED @ http://localhost:5174/:0
[  360285ms] [ERROR] Failed to load resource: net::ERR_CONNECTION_REFUSED @ http://localhost:5174/:0
[  361287ms] [ERROR] Failed to load resource: net::ERR_CONNECTION_REFUSED @ http://localhost:5174/:0
[  362290ms] [ERROR] Failed to load resource: net::ERR_CONNECTION_REFUSED @ http://localhost:5174/:0
[  363294ms] [ERROR] Failed to load resource: net::ERR_CONNECTION_REFUSED @ http://localhost:5174/:0
[  364299ms] [ERROR] Failed to load resource: net::ERR_CONNECTION_REFUSED @ http://localhost:5174/:0
[  365305ms] [ERROR] Failed to load resource: net::ERR_CONNECTION_REFUSED @ http://localhost:5174/:0
[  366307ms] [ERROR] Failed to load resource: net::ERR_CONNECTION_REFUSED @ http://localhost:5174/:0
[  367310ms] [ERROR] Failed to load resource: net::ERR_CONNECTION_REFUSED @ http://localhost:5174/:0
[  368315ms] [ERROR] Failed to load resource: net::ERR_CONNECTION_REFUSED @ http://localhost:5174/:0
[  369320ms] [ERROR] Failed to load resource: net::ERR_CONNECTION_REFUSED @ http://localhost:5174/:0
[  370324ms] [ERROR] Failed to load resource: net::ERR_CONNECTION_REFUSED @ http://localhost:5174/:0
[  371326ms] [ERROR] Failed to load resource: net::ERR_CONNECTION_REFUSED @ http://localhost:5174/:0
[  372329ms] [ERROR] Failed to load resource: net::ERR_CONNECTION_REFUSED @ http://localhost:5174/:0
[  373335ms] [ERROR] Failed to load resource: net::ERR_CONNECTION_REFUSED @ http://localhost:5174/:0
[  374336ms] [ERROR] Failed to load resource: net::ERR_CONNECTION_REFUSED @ http://localhost:5174/:0
[  375340ms] [ERROR] Failed to load resource: net::ERR_CONNECTION_REFUSED @ http://localhost:5174/:0
[  376343ms] [ERROR] Failed to load resource: net::ERR_CONNECTION_REFUSED @ http://localhost:5174/:0
[  377346ms] [ERROR] Failed to load resource: net::ERR_CONNECTION_REFUSED @ http://localhost:5174/:0
[  378350ms] [ERROR] Failed to load resource: net::ERR_CONNECTION_REFUSED @ http://localhost:5174/:0
[  379353ms] [ERROR] Failed to load resource: net::ERR_CONNECTION_REFUSED @ http://localhost:5174/:0
[  380356ms] [ERROR] Failed to load resource: net::ERR_CONNECTION_REFUSED @ http://localhost:5174/:0
[  381360ms] [ERROR] Failed to load resource: net::ERR_CONNECTION_REFUSED @ http://localhost:5174/:0
[  382365ms] [ERROR] Failed to load resource: net::ERR_CONNECTION_REFUSED @ http://localhost:5174/:0
[  383368ms] [ERROR] Failed to load resource: net::ERR_CONNECTION_REFUSED @ http://localhost:5174/:0
[  384371ms] [ERROR] Failed to load resource: net::ERR_CONNECTION_REFUSED @ http://localhost:5174/:0
[  385375ms] [ERROR] Failed to load resource: net::ERR_CONNECTION_REFUSED @ http://localhost:5174/:0
[  386379ms] [ERROR] Failed to load resource: net::ERR_CONNECTION_REFUSED @ http://localhost:5174/:0
[  387382ms] [ERROR] Failed to load resource: net::ERR_CONNECTION_REFUSED @ http://localhost:5174/:0
[  388386ms] [ERROR] Failed to load resource: net::ERR_CONNECTION_REFUSED @ http://localhost:5174/:0
[  389391ms] [ERROR] Failed to load resource: net::ERR_CONNECTION_REFUSED @ http://localhost:5174/:0
[  390394ms] [ERROR] Failed to load resource: net::ERR_CONNECTION_REFUSED @ http://localhost:5174/:0
[  391399ms] [ERROR] Failed to load resource: net::ERR_CONNECTION_REFUSED @ http://localhost:5174/:0
[  392403ms] [ERROR] Failed to load resource: net::ERR_CONNECTION_REFUSED @ http://localhost:5174/:0
[  393407ms] [ERROR] Failed to load resource: net::ERR_CONNECTION_REFUSED @ http://localhost:5174/:0
[  394411ms] [ERROR] Failed to load resource: net::ERR_CONNECTION_REFUSED @ http://localhost:5174/:0
[  395415ms] [ERROR] Failed to load resource: net::ERR_CONNECTION_REFUSED @ http://localhost:5174/:0
[  396421ms] [ERROR] Failed to load resource: net::ERR_CONNECTION_REFUSED @ http://localhost:5174/:0
[  397423ms] [ERROR] Failed to load resource: net::ERR_CONNECTION_REFUSED @ http://localhost:5174/:0
[  398428ms] [ERROR] Failed to load resource: net::ERR_CONNECTION_REFUSED @ http://localhost:5174/:0
[  399432ms] [ERROR] Failed to load resource: net::ERR_CONNECTION_REFUSED @ http://localhost:5174/:0
[  400437ms] [ERROR] Failed to load resource: net::ERR_CONNECTION_REFUSED @ http://localhost:5174/:0
[  401440ms] [ERROR] Failed to load resource: net::ERR_CONNECTION_REFUSED @ http://localhost:5174/:0
[  402444ms] [ERROR] Failed to load resource: net::ERR_CONNECTION_REFUSED @ http://localhost:5174/:0
[  403449ms] [ERROR] Failed to load resource: net::ERR_CONNECTION_REFUSED @ http://localhost:5174/:0
[  404453ms] [ERROR] Failed to load resource: net::ERR_CONNECTION_REFUSED @ http://localhost:5174/:0
[  405456ms] [ERROR] Failed to load resource: net::ERR_CONNECTION_REFUSED @ http://localhost:5174/:0
[  406461ms] [ERROR] Failed to load resource: net::ERR_CONNECTION_REFUSED @ http://localhost:5174/:0
[  407466ms] [ERROR] Failed to load resource: net::ERR_CONNECTION_REFUSED @ http://localhost:5174/:0
[  408471ms] [ERROR] Failed to load resource: net::ERR_CONNECTION_REFUSED @ http://localhost:5174/:0
[  409476ms] [ERROR] Failed to load resource: net::ERR_CONNECTION_REFUSED @ http://localhost:5174/:0
[  410480ms] [ERROR] Failed to load resource: net::ERR_CONNECTION_REFUSED @ http://localhost:5174/:0
[  411483ms] [ERROR] Failed to load resource: net::ERR_CONNECTION_REFUSED @ http://localhost:5174/:0
[  412488ms] [ERROR] Failed to load resource: net::ERR_CONNECTION_REFUSED @ http://localhost:5174/:0
[  413492ms] [ERROR] Failed to load resource: net::ERR_CONNECTION_REFUSED @ http://localhost:5174/:0
[  414496ms] [ERROR] Failed to load resource: net::ERR_CONNECTION_REFUSED @ http://localhost:5174/:0
[  415500ms] [ERROR] Failed to load resource: net::ERR_CONNECTION_REFUSED @ http://localhost:5174/:0
[  416504ms] [ERROR] Failed to load resource: net::ERR_CONNECTION_REFUSED @ http://localhost:5174/:0
[  417508ms] [ERROR] Failed to load resource: net::ERR_CONNECTION_REFUSED @ http://localhost:5174/:0
[  418511ms] [ERROR] Failed to load resource: net::ERR_CONNECTION_REFUSED @ http://localhost:5174/:0
[  419514ms] [ERROR] Failed to load resource: net::ERR_CONNECTION_REFUSED @ http://localhost:5174/:0
[  420519ms] [ERROR] Failed to load resource: net::ERR_CONNECTION_REFUSED @ http://localhost:5174/:0
[  421523ms] [ERROR] Failed to load resource: net::ERR_CONNECTION_REFUSED @ http://localhost:5174/:0
[  422526ms] [ERROR] Failed to load resource: net::ERR_CONNECTION_REFUSED @ http://localhost:5174/:0
[  423529ms] [ERROR] Failed to load resource: net::ERR_CONNECTION_REFUSED @ http://localhost:5174/:0
[  424534ms] [ERROR] Failed to load resource: net::ERR_CONNECTION_REFUSED @ http://localhost:5174/:0
[  425540ms] [ERROR] Failed to load resource: net::ERR_CONNECTION_REFUSED @ http://localhost:5174/:0
[  426543ms] [ERROR] Failed to load resource: net::ERR_CONNECTION_REFUSED @ http://localhost:5174/:0
[  427546ms] [ERROR] Failed to load resource: net::ERR_CONNECTION_REFUSED @ http://localhost:5174/:0
[  428550ms] [ERROR] Failed to load resource: net::ERR_CONNECTION_REFUSED @ http://localhost:5174/:0
[  429556ms] [ERROR] Failed to load resource: net::ERR_CONNECTION_REFUSED @ http://localhost:5174/:0
[  430561ms] [ERROR] Failed to load resource: net::ERR_CONNECTION_REFUSED @ http://localhost:5174/:0
[  431566ms] [ERROR] Failed to load resource: net::ERR_CONNECTION_REFUSED @ http://localhost:5174/:0
[  432571ms] [ERROR] Failed to load resource: net::ERR_CONNECTION_REFUSED @ http://localhost:5174/:0
[  433575ms] [ERROR] Failed to load resource: net::ERR_CONNECTION_REFUSED @ http://localhost:5174/:0
[  434579ms] [ERROR] Failed to load resource: net::ERR_CONNECTION_REFUSED @ http://localhost:5174/:0
[  435582ms] [ERROR] Failed to load resource: net::ERR_CONNECTION_REFUSED @ http://localhost:5174/:0
[  436586ms] [ERROR] Failed to load resource: net::ERR_CONNECTION_REFUSED @ http://localhost:5174/:0
[  437589ms] [ERROR] Failed to load resource: net::ERR_CONNECTION_REFUSED @ http://localhost:5174/:0
[  438594ms] [ERROR] Failed to load resource: net::ERR_CONNECTION_REFUSED @ http://localhost:5174/:0
[  439599ms] [ERROR] Failed to load resource: net::ERR_CONNECTION_REFUSED @ http://localhost:5174/:0
[  440602ms] [ERROR] Failed to load resource: net::ERR_CONNECTION_REFUSED @ http://localhost:5174/:0
[  441606ms] [ERROR] Failed to load resource: net::ERR_CONNECTION_REFUSED @ http://localhost:5174/:0
[  442610ms] [ERROR] Failed to load resource: net::ERR_CONNECTION_REFUSED @ http://localhost:5174/:0
[  443614ms] [ERROR] Failed to load resource: net::ERR_CONNECTION_REFUSED @ http://localhost:5174/:0
[  444618ms] [ERROR] Failed to load resource: net::ERR_CONNECTION_REFUSED @ http://localhost:5174/:0
[  445621ms] [ERROR] Failed to load resource: net::ERR_CONNECTION_REFUSED @ http://localhost:5174/:0
[  446625ms] [ERROR] Failed to load resource: net::ERR_CONNECTION_REFUSED @ http://localhost:5174/:0
[  447629ms] [ERROR] Failed to load resource: net::ERR_CONNECTION_REFUSED @ http://localhost:5174/:0
[  448633ms] [ERROR] Failed to load resource: net::ERR_CONNECTION_REFUSED @ http://localhost:5174/:0
[  449636ms] [ERROR] Failed to load resource: net::ERR_CONNECTION_REFUSED @ http://localhost:5174/:0
[  450640ms] [ERROR] Failed to load resource: net::ERR_CONNECTION_REFUSED @ http://localhost:5174/:0
[  451643ms] [ERROR] Failed to load resource: net::ERR_CONNECTION_REFUSED @ http://localhost:5174/:0
[  452646ms] [ERROR] Failed to load resource: net::ERR_CONNECTION_REFUSED @ http://localhost:5174/:0
[  453650ms] [ERROR] Failed to load resource: net::ERR_CONNECTION_REFUSED @ http://localhost:5174/:0
[  454653ms] [ERROR] Failed to load resource: net::ERR_CONNECTION_REFUSED @ http://localhost:5174/:0
[  455658ms] [ERROR] Failed to load resource: net::ERR_CONNECTION_REFUSED @ http://localhost:5174/:0
[  456662ms] [ERROR] Failed to load resource: net::ERR_CONNECTION_REFUSED @ http://localhost:5174/:0
[  457666ms] [ERROR] Failed to load resource: net::ERR_CONNECTION_REFUSED @ http://localhost:5174/:0
[  458671ms] [ERROR] Failed to load resource: net::ERR_CONNECTION_REFUSED @ http://localhost:5174/:0
[  459675ms] [ERROR] Failed to load resource: net::ERR_CONNECTION_REFUSED @ http://localhost:5174/:0
[  460678ms] [ERROR] Failed to load resource: net::ERR_CONNECTION_REFUSED @ http://localhost:5174/:0
[  461681ms] [ERROR] Failed to load resource: net::ERR_CONNECTION_REFUSED @ http://localhost:5174/:0
[  462684ms] [ERROR] Failed to load resource: net::ERR_CONNECTION_REFUSED @ http://localhost:5174/:0
[  463687ms] [ERROR] Failed to load resource: net::ERR_CONNECTION_REFUSED @ http://localhost:5174/:0
[  464690ms] [ERROR] Failed to load resource: net::ERR_CONNECTION_REFUSED @ http://localhost:5174/:0
[  465692ms] [ERROR] Failed to load resource: net::ERR_CONNECTION_REFUSED @ http://localhost:5174/:0
[  466694ms] [ERROR] Failed to load resource: net::ERR_CONNECTION_REFUSED @ http://localhost:5174/:0
[  467698ms] [ERROR] Failed to load resource: net::ERR_CONNECTION_REFUSED @ http://localhost:5174/:0
[  468702ms] [ERROR] Failed to load resource: net::ERR_CONNECTION_REFUSED @ http://localhost:5174/:0
[  469706ms] [ERROR] Failed to load resource: net::ERR_CONNECTION_REFUSED @ http://localhost:5174/:0
[  470710ms] [ERROR] Failed to load resource: net::ERR_CONNECTION_REFUSED @ http://localhost:5174/:0
[  471713ms] [ERROR] Failed to load resource: net::ERR_CONNECTION_REFUSED @ http://localhost:5174/:0
[  472715ms] [ERROR] Failed to load resource: net::ERR_CONNECTION_REFUSED @ http://localhost:5174/:0
[  473719ms] [ERROR] Failed to load resource: net::ERR_CONNECTION_REFUSED @ http://localhost:5174/:0
[  474723ms] [ERROR] Failed to load resource: net::ERR_CONNECTION_REFUSED @ http://localhost:5174/:0
[  475729ms] [ERROR] Failed to load resource: net::ERR_CONNECTION_REFUSED @ http://localhost:5174/:0
[  476731ms] [ERROR] Failed to load resource: net::ERR_CONNECTION_REFUSED @ http://localhost:5174/:0
[  477735ms] [ERROR] Failed to load resource: net::ERR_CONNECTION_REFUSED @ http://localhost:5174/:0
[  478739ms] [ERROR] Failed to load resource: net::ERR_CONNECTION_REFUSED @ http://localhost:5174/:0
[  479744ms] [ERROR] Failed to load resource: net::ERR_CONNECTION_REFUSED @ http://localhost:5174/:0
[  480747ms] [ERROR] Failed to load resource: net::ERR_CONNECTION_REFUSED @ http://localhost:5174/:0
[  481749ms] [ERROR] Failed to load resource: net::ERR_CONNECTION_REFUSED @ http://localhost:5174/:0
[  482754ms] [ERROR] Failed to load resource: net::ERR_CONNECTION_REFUSED @ http://localhost:5174/:0
[  483759ms] [ERROR] Failed to load resource: net::ERR_CONNECTION_REFUSED @ http://localhost:5174/:0
[  484762ms] [ERROR] Failed to load resource: net::ERR_CONNECTION_REFUSED @ http://localhost:5174/:0
[  485766ms] [ERROR] Failed to load resource: net::ERR_CONNECTION_REFUSED @ http://localhost:5174/:0
[  486768ms] [ERROR] Failed to load resource: net::ERR_CONNECTION_REFUSED @ http://localhost:5174/:0
[  487773ms] [ERROR] Failed to load resource: net::ERR_CONNECTION_REFUSED @ http://localhost:5174/:0
[  488776ms] [ERROR] Failed to load resource: net::ERR_CONNECTION_REFUSED @ http://localhost:5174/:0
[  489780ms] [ERROR] Failed to load resource: net::ERR_CONNECTION_REFUSED @ http://localhost:5174/:0
[  490784ms] [ERROR] Failed to load resource: net::ERR_CONNECTION_REFUSED @ http://localhost:5174/:0
[  491790ms] [ERROR] Failed to load resource: net::ERR_CONNECTION_REFUSED @ http://localhost:5174/:0
[  492793ms] [ERROR] Failed to load resource: net::ERR_CONNECTION_REFUSED @ http://localhost:5174/:0
[  493797ms] [ERROR] Failed to load resource: net::ERR_CONNECTION_REFUSED @ http://localhost:5174/:0
[  494802ms] [ERROR] Failed to load resource: net::ERR_CONNECTION_REFUSED @ http://localhost:5174/:0
[  495806ms] [ERROR] Failed to load resource: net::ERR_CONNECTION_REFUSED @ http://localhost:5174/:0
[  496808ms] [ERROR] Failed to load resource: net::ERR_CONNECTION_REFUSED @ http://localhost:5174/:0
[  497812ms] [ERROR] Failed to load resource: net::ERR_CONNECTION_REFUSED @ http://localhost:5174/:0
[  498815ms] [ERROR] Failed to load resource: net::ERR_CONNECTION_REFUSED @ http://localhost:5174/:0
[  499820ms] [ERROR] Failed to load resource: net::ERR_CONNECTION_REFUSED @ http://localhost:5174/:0
[  500825ms] [ERROR] Failed to load resource: net::ERR_CONNECTION_REFUSED @ http://localhost:5174/:0
[  501827ms] [ERROR] Failed to load resource: net::ERR_CONNECTION_REFUSED @ http://localhost:5174/:0
[  502830ms] [ERROR] Failed to load resource: net::ERR_CONNECTION_REFUSED @ http://localhost:5174/:0
[  503834ms] [ERROR] Failed to load resource: net::ERR_CONNECTION_REFUSED @ http://localhost:5174/:0
[  504837ms] [ERROR] Failed to load resource: net::ERR_CONNECTION_REFUSED @ http://localhost:5174/:0
[  505840ms] [ERROR] Failed to load resource: net::ERR_CONNECTION_REFUSED @ http://localhost:5174/:0
[  506844ms] [ERROR] Failed to load resource: net::ERR_CONNECTION_REFUSED @ http://localhost:5174/:0
[  507847ms] [ERROR] Failed to load resource: net::ERR_CONNECTION_REFUSED @ http://localhost:5174/:0
[  508850ms] [ERROR] Failed to load resource: net::ERR_CONNECTION_REFUSED @ http://localhost:5174/:0
[  509853ms] [ERROR] Failed to load resource: net::ERR_CONNECTION_REFUSED @ http://localhost:5174/:0
[  510857ms] [ERROR] Failed to load resource: net::ERR_CONNECTION_REFUSED @ http://localhost:5174/:0
[  511860ms] [ERROR] Failed to load resource: net::ERR_CONNECTION_REFUSED @ http://localhost:5174/:0
[  512864ms] [ERROR] Failed to load resource: net::ERR_CONNECTION_REFUSED @ http://localhost:5174/:0
[  513868ms] [ERROR] Failed to load resource: net::ERR_CONNECTION_REFUSED @ http://localhost:5174/:0
[  514872ms] [ERROR] Failed to load resource: net::ERR_CONNECTION_REFUSED @ http://localhost:5174/:0
[  515877ms] [ERROR] Failed to load resource: net::ERR_CONNECTION_REFUSED @ http://localhost:5174/:0
[  516881ms] [ERROR] Failed to load resource: net::ERR_CONNECTION_REFUSED @ http://localhost:5174/:0
[  517885ms] [ERROR] Failed to load resource: net::ERR_CONNECTION_REFUSED @ http://localhost:5174/:0
[  518889ms] [ERROR] Failed to load resource: net::ERR_CONNECTION_REFUSED @ http://localhost:5174/:0
[  519892ms] [ERROR] Failed to load resource: net::ERR_CONNECTION_REFUSED @ http://localhost:5174/:0
[  520895ms] [ERROR] Failed to load resource: net::ERR_CONNECTION_REFUSED @ http://localhost:5174/:0
[  521898ms] [ERROR] Failed to load resource: net::ERR_CONNECTION_REFUSED @ http://localhost:5174/:0
[  522902ms] [ERROR] Failed to load resource: net::ERR_CONNECTION_REFUSED @ http://localhost:5174/:0
[  523905ms] [ERROR] Failed to load resource: net::ERR_CONNECTION_REFUSED @ http://localhost:5174/:0
[  524908ms] [ERROR] Failed to load resource: net::ERR_CONNECTION_REFUSED @ http://localhost:5174/:0
[  525910ms] [ERROR] Failed to load resource: net::ERR_CONNECTION_REFUSED @ http://localhost:5174/:0
[  526913ms] [ERROR] Failed to load resource: net::ERR_CONNECTION_REFUSED @ http://localhost:5174/:0
[  527917ms] [ERROR] Failed to load resource: net::ERR_CONNECTION_REFUSED @ http://localhost:5174/:0
[  528919ms] [ERROR] Failed to load resource: net::ERR_CONNECTION_REFUSED @ http://localhost:5174/:0
[  529924ms] [ERROR] Failed to load resource: net::ERR_CONNECTION_REFUSED @ http://localhost:5174/:0
[  530927ms] [ERROR] Failed to load resource: net::ERR_CONNECTION_REFUSED @ http://localhost:5174/:0
[  531932ms] [ERROR] Failed to load resource: net::ERR_CONNECTION_REFUSED @ http://localhost:5174/:0
[  532935ms] [ERROR] Failed to load resource: net::ERR_CONNECTION_REFUSED @ http://localhost:5174/:0
[  533938ms] [ERROR] Failed to load resource: net::ERR_CONNECTION_REFUSED @ http://localhost:5174/:0
[  534941ms] [ERROR] Failed to load resource: net::ERR_CONNECTION_REFUSED @ http://localhost:5174/:0
[  535944ms] [ERROR] Failed to load resource: net::ERR_CONNECTION_REFUSED @ http://localhost:5174/:0
[  536949ms] [ERROR] Failed to load resource: net::ERR_CONNECTION_REFUSED @ http://localhost:5174/:0
[  537953ms] [ERROR] Failed to load resource: net::ERR_CONNECTION_REFUSED @ http://localhost:5174/:0
[  538956ms] [ERROR] Failed to load resource: net::ERR_CONNECTION_REFUSED @ http://localhost:5174/:0
[  539960ms] [ERROR] Failed to load resource: net::ERR_CONNECTION_REFUSED @ http://localhost:5174/:0
[  540964ms] [ERROR] Failed to load resource: net::ERR_CONNECTION_REFUSED @ http://localhost:5174/:0
[  541968ms] [ERROR] Failed to load resource: net::ERR_CONNECTION_REFUSED @ http://localhost:5174/:0
[  542972ms] [ERROR] Failed to load resource: net::ERR_CONNECTION_REFUSED @ http://localhost:5174/:0
[  543976ms] [ERROR] Failed to load resource: net::ERR_CONNECTION_REFUSED @ http://localhost:5174/:0
[  544979ms] [ERROR] Failed to load resource: net::ERR_CONNECTION_REFUSED @ http://localhost:5174/:0
[  545982ms] [ERROR] Failed to load resource: net::ERR_CONNECTION_REFUSED @ http://localhost:5174/:0
[  546984ms] [ERROR] Failed to load resource: net::ERR_CONNECTION_REFUSED @ http://localhost:5174/:0
[  547987ms] [ERROR] Failed to load resource: net::ERR_CONNECTION_REFUSED @ http://localhost:5174/:0
[  548992ms] [ERROR] Failed to load resource: net::ERR_CONNECTION_REFUSED @ http://localhost:5174/:0
[  549997ms] [ERROR] Failed to load resource: net::ERR_CONNECTION_REFUSED @ http://localhost:5174/:0
[  551000ms] [ERROR] Failed to load resource: net::ERR_CONNECTION_REFUSED @ http://localhost:5174/:0
[  552004ms] [ERROR] Failed to load resource: net::ERR_CONNECTION_REFUSED @ http://localhost:5174/:0
[  553006ms] [ERROR] Failed to load resource: net::ERR_CONNECTION_REFUSED @ http://localhost:5174/:0
[  554012ms] [ERROR] Failed to load resource: net::ERR_CONNECTION_REFUSED @ http://localhost:5174/:0
[  555015ms] [ERROR] Failed to load resource: net::ERR_CONNECTION_REFUSED @ http://localhost:5174/:0
[  556017ms] [ERROR] Failed to load resource: net::ERR_CONNECTION_REFUSED @ http://localhost:5174/:0
[  557021ms] [ERROR] Failed to load resource: net::ERR_CONNECTION_REFUSED @ http://localhost:5174/:0
[  558024ms] [ERROR] Failed to load resource: net::ERR_CONNECTION_REFUSED @ http://localhost:5174/:0
[  559028ms] [ERROR] Failed to load resource: net::ERR_CONNECTION_REFUSED @ http://localhost:5174/:0
[  560032ms] [ERROR] Failed to load resource: net::ERR_CONNECTION_REFUSED @ http://localhost:5174/:0
[  561034ms] [ERROR] Failed to load resource: net::ERR_CONNECTION_REFUSED @ http://localhost:5174/:0
[  562037ms] [ERROR] Failed to load resource: net::ERR_CONNECTION_REFUSED @ http://localhost:5174/:0
[  563040ms] [ERROR] Failed to load resource: net::ERR_CONNECTION_REFUSED @ http://localhost:5174/:0
[  564043ms] [ERROR] Failed to load resource: net::ERR_CONNECTION_REFUSED @ http://localhost:5174/:0
[  565046ms] [ERROR] Failed to load resource: net::ERR_CONNECTION_REFUSED @ http://localhost:5174/:0
[  566048ms] [ERROR] Failed to load resource: net::ERR_CONNECTION_REFUSED @ http://localhost:5174/:0
[  567052ms] [ERROR] Failed to load resource: net::ERR_CONNECTION_REFUSED @ http://localhost:5174/:0
[  568054ms] [ERROR] Failed to load resource: net::ERR_CONNECTION_REFUSED @ http://localhost:5174/:0
[  569059ms] [ERROR] Failed to load resource: net::ERR_CONNECTION_REFUSED @ http://localhost:5174/:0
[  570062ms] [ERROR] Failed to load resource: net::ERR_CONNECTION_REFUSED @ http://localhost:5174/:0
[  571065ms] [ERROR] Failed to load resource: net::ERR_CONNECTION_REFUSED @ http://localhost:5174/:0
[  572069ms] [ERROR] Failed to load resource: net::ERR_CONNECTION_REFUSED @ http://localhost:5174/:0
[  573072ms] [ERROR] Failed to load resource: net::ERR_CONNECTION_REFUSED @ http://localhost:5174/:0
[  574074ms] [ERROR] Failed to load resource: net::ERR_CONNECTION_REFUSED @ http://localhost:5174/:0
[  575077ms] [ERROR] Failed to load resource: net::ERR_CONNECTION_REFUSED @ http://localhost:5174/:0
[  576080ms] [ERROR] Failed to load resource: net::ERR_CONNECTION_REFUSED @ http://localhost:5174/:0
[  577082ms] [ERROR] Failed to load resource: net::ERR_CONNECTION_REFUSED @ http://localhost:5174/:0
[  578085ms] [ERROR] Failed to load resource: net::ERR_CONNECTION_REFUSED @ http://localhost:5174/:0
[  579087ms] [ERROR] Failed to load resource: net::ERR_CONNECTION_REFUSED @ http://localhost:5174/:0
[  580090ms] [ERROR] Failed to load resource: net::ERR_CONNECTION_REFUSED @ http://localhost:5174/:0
[  581094ms] [ERROR] Failed to load resource: net::ERR_CONNECTION_REFUSED @ http://localhost:5174/:0
[  582097ms] [ERROR] Failed to load resource: net::ERR_CONNECTION_REFUSED @ http://localhost:5174/:0
[  583102ms] [ERROR] Failed to load resource: net::ERR_CONNECTION_REFUSED @ http://localhost:5174/:0
[  584105ms] [ERROR] Failed to load resource: net::ERR_CONNECTION_REFUSED @ http://localhost:5174/:0
[  585109ms] [ERROR] Failed to load resource: net::ERR_CONNECTION_REFUSED @ http://localhost:5174/:0
[  586113ms] [ERROR] Failed to load resource: net::ERR_CONNECTION_REFUSED @ http://localhost:5174/:0
[  587117ms] [ERROR] Failed to load resource: net::ERR_CONNECTION_REFUSED @ http://localhost:5174/:0
[  588120ms] [ERROR] Failed to load resource: net::ERR_CONNECTION_REFUSED @ http://localhost:5174/:0
[  589124ms] [ERROR] Failed to load resource: net::ERR_CONNECTION_REFUSED @ http://localhost:5174/:0
[  590129ms] [ERROR] Failed to load resource: net::ERR_CONNECTION_REFUSED @ http://localhost:5174/:0
[  591132ms] [ERROR] Failed to load resource: net::ERR_CONNECTION_REFUSED @ http://localhost:5174/:0
[  592136ms] [ERROR] Failed to load resource: net::ERR_CONNECTION_REFUSED @ http://localhost:5174/:0
[  593139ms] [ERROR] Failed to load resource: net::ERR_CONNECTION_REFUSED @ http://localhost:5174/:0
[  594142ms] [ERROR] Failed to load resource: net::ERR_CONNECTION_REFUSED @ http://localhost:5174/:0
[  595146ms] [ERROR] Failed to load resource: net::ERR_CONNECTION_REFUSED @ http://localhost:5174/:0
[  596148ms] [ERROR] Failed to load resource: net::ERR_CONNECTION_REFUSED @ http://localhost:5174/:0
[  597149ms] [ERROR] Failed to load resource: net::ERR_CONNECTION_REFUSED @ http://localhost:5174/:0
[  598151ms] [ERROR] Failed to load resource: net::ERR_CONNECTION_REFUSED @ http://localhost:5174/:0
[  599155ms] [ERROR] Failed to load resource: net::ERR_CONNECTION_REFUSED @ http://localhost:5174/:0
[  600159ms] [ERROR] Failed to load resource: net::ERR_CONNECTION_REFUSED @ http://localhost:5174/:0
[  601163ms] [ERROR] Failed to load resource: net::ERR_CONNECTION_REFUSED @ http://localhost:5174/:0
[  602166ms] [ERROR] Failed to load resource: net::ERR_CONNECTION_REFUSED @ http://localhost:5174/:0
[  603169ms] [ERROR] Failed to load resource: net::ERR_CONNECTION_REFUSED @ http://localhost:5174/:0
[  604172ms] [ERROR] Failed to load resource: net::ERR_CONNECTION_REFUSED @ http://localhost:5174/:0
[  605177ms] [ERROR] Failed to load resource: net::ERR_CONNECTION_REFUSED @ http://localhost:5174/:0
[  606179ms] [ERROR] Failed to load resource: net::ERR_CONNECTION_REFUSED @ http://localhost:5174/:0
[  607184ms] [ERROR] Failed to load resource: net::ERR_CONNECTION_REFUSED @ http://localhost:5174/:0
[  608186ms] [ERROR] Failed to load resource: net::ERR_CONNECTION_REFUSED @ http://localhost:5174/:0
[  609191ms] [ERROR] Failed to load resource: net::ERR_CONNECTION_REFUSED @ http://localhost:5174/:0
[  610194ms] [ERROR] Failed to load resource: net::ERR_CONNECTION_REFUSED @ http://localhost:5174/:0
[  611198ms] [ERROR] Failed to load resource: net::ERR_CONNECTION_REFUSED @ http://localhost:5174/:0
[  612201ms] [ERROR] Failed to load resource: net::ERR_CONNECTION_REFUSED @ http://localhost:5174/:0
[  613204ms] [ERROR] Failed to load resource: net::ERR_CONNECTION_REFUSED @ http://localhost:5174/:0
[  614208ms] [ERROR] Failed to load resource: net::ERR_CONNECTION_REFUSED @ http://localhost:5174/:0
[  615212ms] [ERROR] Failed to load resource: net::ERR_CONNECTION_REFUSED @ http://localhost:5174/:0
[  616216ms] [ERROR] Failed to load resource: net::ERR_CONNECTION_REFUSED @ http://localhost:5174/:0
[  617220ms] [ERROR] Failed to load resource: net::ERR_CONNECTION_REFUSED @ http://localhost:5174/:0
[  618223ms] [ERROR] Failed to load resource: net::ERR_CONNECTION_REFUSED @ http://localhost:5174/:0
[  619227ms] [ERROR] Failed to load resource: net::ERR_CONNECTION_REFUSED @ http://localhost:5174/:0
[  620231ms] [ERROR] Failed to load resource: net::ERR_CONNECTION_REFUSED @ http://localhost:5174/:0
[  621236ms] [ERROR] Failed to load resource: net::ERR_CONNECTION_REFUSED @ http://localhost:5174/:0
[  622239ms] [ERROR] Failed to load resource: net::ERR_CONNECTION_REFUSED @ http://localhost:5174/:0
[  623241ms] [ERROR] Failed to load resource: net::ERR_CONNECTION_REFUSED @ http://localhost:5174/:0
[  624246ms] [ERROR] Failed to load resource: net::ERR_CONNECTION_REFUSED @ http://localhost:5174/:0
[  625250ms] [ERROR] Failed to load resource: net::ERR_CONNECTION_REFUSED @ http://localhost:5174/:0
[  626253ms] [ERROR] Failed to load resource: net::ERR_CONNECTION_REFUSED @ http://localhost:5174/:0
[  627257ms] [ERROR] Failed to load resource: net::ERR_CONNECTION_REFUSED @ http://localhost:5174/:0
[  628259ms] [ERROR] Failed to load resource: net::ERR_CONNECTION_REFUSED @ http://localhost:5174/:0
[  629262ms] [ERROR] Failed to load resource: net::ERR_CONNECTION_REFUSED @ http://localhost:5174/:0
[  630268ms] [ERROR] Failed to load resource: net::ERR_CONNECTION_REFUSED @ http://localhost:5174/:0
[  631270ms] [ERROR] Failed to load resource: net::ERR_CONNECTION_REFUSED @ http://localhost:5174/:0
[  632273ms] [ERROR] Failed to load resource: net::ERR_CONNECTION_REFUSED @ http://localhost:5174/:0
[  633275ms] [ERROR] Failed to load resource: net::ERR_CONNECTION_REFUSED @ http://localhost:5174/:0
[  634280ms] [ERROR] Failed to load resource: net::ERR_CONNECTION_REFUSED @ http://localhost:5174/:0
[  635283ms] [ERROR] Failed to load resource: net::ERR_CONNECTION_REFUSED @ http://localhost:5174/:0
[  636287ms] [ERROR] Failed to load resource: net::ERR_CONNECTION_REFUSED @ http://localhost:5174/:0
[  637291ms] [ERROR] Failed to load resource: net::ERR_CONNECTION_REFUSED @ http://localhost:5174/:0
[  638296ms] [ERROR] Failed to load resource: net::ERR_CONNECTION_REFUSED @ http://localhost:5174/:0
[  639299ms] [ERROR] Failed to load resource: net::ERR_CONNECTION_REFUSED @ http://localhost:5174/:0
[  640303ms] [ERROR] Failed to load resource: net::ERR_CONNECTION_REFUSED @ http://localhost:5174/:0
[  641307ms] [ERROR] Failed to load resource: net::ERR_CONNECTION_REFUSED @ http://localhost:5174/:0
[  642311ms] [ERROR] Failed to load resource: net::ERR_CONNECTION_REFUSED @ http://localhost:5174/:0
[  643315ms] [ERROR] Failed to load resource: net::ERR_CONNECTION_REFUSED @ http://localhost:5174/:0
[  644320ms] [ERROR] Failed to load resource: net::ERR_CONNECTION_REFUSED @ http://localhost:5174/:0
[  645323ms] [ERROR] Failed to load resource: net::ERR_CONNECTION_REFUSED @ http://localhost:5174/:0
[  646327ms] [ERROR] Failed to load resource: net::ERR_CONNECTION_REFUSED @ http://localhost:5174/:0
[  647330ms] [ERROR] Failed to load resource: net::ERR_CONNECTION_REFUSED @ http://localhost:5174/:0
[  648335ms] [ERROR] Failed to load resource: net::ERR_CONNECTION_REFUSED @ http://localhost:5174/:0
[  649339ms] [ERROR] Failed to load resource: net::ERR_CONNECTION_REFUSED @ http://localhost:5174/:0
[  650342ms] [ERROR] Failed to load resource: net::ERR_CONNECTION_REFUSED @ http://localhost:5174/:0
[  651346ms] [ERROR] Failed to load resource: net::ERR_CONNECTION_REFUSED @ http://localhost:5174/:0
[  652351ms] [ERROR] Failed to load resource: net::ERR_CONNECTION_REFUSED @ http://localhost:5174/:0
[  653354ms] [ERROR] Failed to load resource: net::ERR_CONNECTION_REFUSED @ http://localhost:5174/:0
[  654357ms] [ERROR] Failed to load resource: net::ERR_CONNECTION_REFUSED @ http://localhost:5174/:0
[  655360ms] [ERROR] Failed to load resource: net::ERR_CONNECTION_REFUSED @ http://localhost:5174/:0
[  656364ms] [ERROR] Failed to load resource: net::ERR_CONNECTION_REFUSED @ http://localhost:5174/:0
[  657369ms] [ERROR] Failed to load resource: net::ERR_CONNECTION_REFUSED @ http://localhost:5174/:0
[  658372ms] [ERROR] Failed to load resource: net::ERR_CONNECTION_REFUSED @ http://localhost:5174/:0
[  659376ms] [ERROR] Failed to load resource: net::ERR_CONNECTION_REFUSED @ http://localhost:5174/:0
[  660380ms] [ERROR] Failed to load resource: net::ERR_CONNECTION_REFUSED @ http://localhost:5174/:0
[  661385ms] [ERROR] Failed to load resource: net::ERR_CONNECTION_REFUSED @ http://localhost:5174/:0
[  662389ms] [ERROR] Failed to load resource: net::ERR_CONNECTION_REFUSED @ http://localhost:5174/:0
[  663393ms] [ERROR] Failed to load resource: net::ERR_CONNECTION_REFUSED @ http://localhost:5174/:0
[  664398ms] [ERROR] Failed to load resource: net::ERR_CONNECTION_REFUSED @ http://localhost:5174/:0
[  665401ms] [ERROR] Failed to load resource: net::ERR_CONNECTION_REFUSED @ http://localhost:5174/:0
[  666404ms] [ERROR] Failed to load resource: net::ERR_CONNECTION_REFUSED @ http://localhost:5174/:0
[  667408ms] [ERROR] Failed to load resource: net::ERR_CONNECTION_REFUSED @ http://localhost:5174/:0
[  668413ms] [ERROR] Failed to load resource: net::ERR_CONNECTION_REFUSED @ http://localhost:5174/:0
[  669416ms] [ERROR] Failed to load resource: net::ERR_CONNECTION_REFUSED @ http://localhost:5174/:0
[  670420ms] [ERROR] Failed to load resource: net::ERR_CONNECTION_REFUSED @ http://localhost:5174/:0
[  671423ms] [ERROR] Failed to load resource: net::ERR_CONNECTION_REFUSED @ http://localhost:5174/:0
[  672428ms] [ERROR] Failed to load resource: net::ERR_CONNECTION_REFUSED @ http://localhost:5174/:0
[  673431ms] [ERROR] Failed to load resource: net::ERR_CONNECTION_REFUSED @ http://localhost:5174/:0
[  674434ms] [ERROR] Failed to load resource: net::ERR_CONNECTION_REFUSED @ http://localhost:5174/:0
[  675439ms] [ERROR] Failed to load resource: net::ERR_CONNECTION_REFUSED @ http://localhost:5174/:0
[  676444ms] [ERROR] Failed to load resource: net::ERR_CONNECTION_REFUSED @ http://localhost:5174/:0
[  677447ms] [ERROR] Failed to load resource: net::ERR_CONNECTION_REFUSED @ http://localhost:5174/:0
[  678450ms] [ERROR] Failed to load resource: net::ERR_CONNECTION_REFUSED @ http://localhost:5174/:0
[  679454ms] [ERROR] Failed to load resource: net::ERR_CONNECTION_REFUSED @ http://localhost:5174/:0
[  680459ms] [ERROR] Failed to load resource: net::ERR_CONNECTION_REFUSED @ http://localhost:5174/:0
[  681462ms] [ERROR] Failed to load resource: net::ERR_CONNECTION_REFUSED @ http://localhost:5174/:0
[  682467ms] [ERROR] Failed to load resource: net::ERR_CONNECTION_REFUSED @ http://localhost:5174/:0
[  683471ms] [ERROR] Failed to load resource: net::ERR_CONNECTION_REFUSED @ http://localhost:5174/:0
[  684474ms] [ERROR] Failed to load resource: net::ERR_CONNECTION_REFUSED @ http://localhost:5174/:0
[  685477ms] [ERROR] Failed to load resource: net::ERR_CONNECTION_REFUSED @ http://localhost:5174/:0
[  686481ms] [ERROR] Failed to load resource: net::ERR_CONNECTION_REFUSED @ http://localhost:5174/:0
[  687484ms] [ERROR] Failed to load resource: net::ERR_CONNECTION_REFUSED @ http://localhost:5174/:0
[  688489ms] [ERROR] Failed to load resource: net::ERR_CONNECTION_REFUSED @ http://localhost:5174/:0
[  689494ms] [ERROR] Failed to load resource: net::ERR_CONNECTION_REFUSED @ http://localhost:5174/:0
[  690498ms] [ERROR] Failed to load resource: net::ERR_CONNECTION_REFUSED @ http://localhost:5174/:0
[  691503ms] [ERROR] Failed to load resource: net::ERR_CONNECTION_REFUSED @ http://localhost:5174/:0
[  692507ms] [ERROR] Failed to load resource: net::ERR_CONNECTION_REFUSED @ http://localhost:5174/:0
[  693511ms] [ERROR] Failed to load resource: net::ERR_CONNECTION_REFUSED @ http://localhost:5174/:0
[  694516ms] [ERROR] Failed to load resource: net::ERR_CONNECTION_REFUSED @ http://localhost:5174/:0
[  695520ms] [ERROR] Failed to load resource: net::ERR_CONNECTION_REFUSED @ http://localhost:5174/:0
[  696459ms] [ERROR] Failed to load resource: net::ERR_CONNECTION_REFUSED @ http://localhost:5174/:0
[  697463ms] [ERROR] Failed to load resource: net::ERR_CONNECTION_REFUSED @ http://localhost:5174/:0
[  698468ms] [ERROR] Failed to load resource: net::ERR_CONNECTION_REFUSED @ http://localhost:5174/:0
[  699472ms] [ERROR] Failed to load resource: net::ERR_CONNECTION_REFUSED @ http://localhost:5174/:0
[  700475ms] [ERROR] Failed to load resource: net::ERR_CONNECTION_REFUSED @ http://localhost:5174/:0
[  701479ms] [ERROR] Failed to load resource: net::ERR_CONNECTION_REFUSED @ http://localhost:5174/:0
[  702483ms] [ERROR] Failed to load resource: net::ERR_CONNECTION_REFUSED @ http://localhost:5174/:0
[  703487ms] [ERROR] Failed to load resource: net::ERR_CONNECTION_REFUSED @ http://localhost:5174/:0
[  704490ms] [ERROR] Failed to load resource: net::ERR_CONNECTION_REFUSED @ http://localhost:5174/:0
[  705494ms] [ERROR] Failed to load resource: net::ERR_CONNECTION_REFUSED @ http://localhost:5174/:0
[  706499ms] [ERROR] Failed to load resource: net::ERR_CONNECTION_REFUSED @ http://localhost:5174/:0
[  707503ms] [ERROR] Failed to load resource: net::ERR_CONNECTION_REFUSED @ http://localhost:5174/:0
[  708506ms] [ERROR] Failed to load resource: net::ERR_CONNECTION_REFUSED @ http://localhost:5174/:0
[  709510ms] [ERROR] Failed to load resource: net::ERR_CONNECTION_REFUSED @ http://localhost:5174/:0
[  710513ms] [ERROR] Failed to load resource: net::ERR_CONNECTION_REFUSED @ http://localhost:5174/:0
[  711517ms] [ERROR] Failed to load resource: net::ERR_CONNECTION_REFUSED @ http://localhost:5174/:0
[  712521ms] [ERROR] Failed to load resource: net::ERR_CONNECTION_REFUSED @ http://localhost:5174/:0
[  713526ms] [ERROR] Failed to load resource: net::ERR_CONNECTION_REFUSED @ http://localhost:5174/:0
[  714529ms] [ERROR] Failed to load resource: net::ERR_CONNECTION_REFUSED @ http://localhost:5174/:0
[  715534ms] [ERROR] Failed to load resource: net::ERR_CONNECTION_REFUSED @ http://localhost:5174/:0
[  716538ms] [ERROR] Failed to load resource: net::ERR_CONNECTION_REFUSED @ http://localhost:5174/:0
[  717541ms] [ERROR] Failed to load resource: net::ERR_CONNECTION_REFUSED @ http://localhost:5174/:0
[  718545ms] [ERROR] Failed to load resource: net::ERR_CONNECTION_REFUSED @ http://localhost:5174/:0
[  719549ms] [ERROR] Failed to load resource: net::ERR_CONNECTION_REFUSED @ http://localhost:5174/:0
[  720553ms] [ERROR] Failed to load resource: net::ERR_CONNECTION_REFUSED @ http://localhost:5174/:0
[  721557ms] [ERROR] Failed to load resource: net::ERR_CONNECTION_REFUSED @ http://localhost:5174/:0
[  722561ms] [ERROR] Failed to load resource: net::ERR_CONNECTION_REFUSED @ http://localhost:5174/:0
[  723566ms] [ERROR] Failed to load resource: net::ERR_CONNECTION_REFUSED @ http://localhost:5174/:0
[  724570ms] [ERROR] Failed to load resource: net::ERR_CONNECTION_REFUSED @ http://localhost:5174/:0
[  725574ms] [ERROR] Failed to load resource: net::ERR_CONNECTION_REFUSED @ http://localhost:5174/:0
[  726577ms] [ERROR] Failed to load resource: net::ERR_CONNECTION_REFUSED @ http://localhost:5174/:0
[  727581ms] [ERROR] Failed to load resource: net::ERR_CONNECTION_REFUSED @ http://localhost:5174/:0
[  728585ms] [ERROR] Failed to load resource: net::ERR_CONNECTION_REFUSED @ http://localhost:5174/:0
[  729588ms] [ERROR] Failed to load resource: net::ERR_CONNECTION_REFUSED @ http://localhost:5174/:0
[  730591ms] [ERROR] Failed to load resource: net::ERR_CONNECTION_REFUSED @ http://localhost:5174/:0
[  731594ms] [ERROR] Failed to load resource: net::ERR_CONNECTION_REFUSED @ http://localhost:5174/:0
[  732599ms] [ERROR] Failed to load resource: net::ERR_CONNECTION_REFUSED @ http://localhost:5174/:0
[  733602ms] [ERROR] Failed to load resource: net::ERR_CONNECTION_REFUSED @ http://localhost:5174/:0
[  734604ms] [ERROR] Failed to load resource: net::ERR_CONNECTION_REFUSED @ http://localhost:5174/:0
[  735608ms] [ERROR] Failed to load resource: net::ERR_CONNECTION_REFUSED @ http://localhost:5174/:0
[  736611ms] [ERROR] Failed to load resource: net::ERR_CONNECTION_REFUSED @ http://localhost:5174/:0
[  737613ms] [ERROR] Failed to load resource: net::ERR_CONNECTION_REFUSED @ http://localhost:5174/:0
[  738617ms] [ERROR] Failed to load resource: net::ERR_CONNECTION_REFUSED @ http://localhost:5174/:0
[  739619ms] [ERROR] Failed to load resource: net::ERR_CONNECTION_REFUSED @ http://localhost:5174/:0
[  740624ms] [ERROR] Failed to load resource: net::ERR_CONNECTION_REFUSED @ http://localhost:5174/:0
[  741628ms] [ERROR] Failed to load resource: net::ERR_CONNECTION_REFUSED @ http://localhost:5174/:0
[  742631ms] [ERROR] Failed to load resource: net::ERR_CONNECTION_REFUSED @ http://localhost:5174/:0
[  743635ms] [ERROR] Failed to load resource: net::ERR_CONNECTION_REFUSED @ http://localhost:5174/:0
[  744638ms] [ERROR] Failed to load resource: net::ERR_CONNECTION_REFUSED @ http://localhost:5174/:0
[  745643ms] [ERROR] Failed to load resource: net::ERR_CONNECTION_REFUSED @ http://localhost:5174/:0
[  746645ms] [ERROR] Failed to load resource: net::ERR_CONNECTION_REFUSED @ http://localhost:5174/:0
[  747650ms] [ERROR] Failed to load resource: net::ERR_CONNECTION_REFUSED @ http://localhost:5174/:0
[  748655ms] [ERROR] Failed to load resource: net::ERR_CONNECTION_REFUSED @ http://localhost:5174/:0
[  749657ms] [ERROR] Failed to load resource: net::ERR_CONNECTION_REFUSED @ http://localhost:5174/:0
[  750660ms] [ERROR] Failed to load resource: net::ERR_CONNECTION_REFUSED @ http://localhost:5174/:0
[  751664ms] [ERROR] Failed to load resource: net::ERR_CONNECTION_REFUSED @ http://localhost:5174/:0
[  752668ms] [ERROR] Failed to load resource: net::ERR_CONNECTION_REFUSED @ http://localhost:5174/:0
[  753673ms] [ERROR] Failed to load resource: net::ERR_CONNECTION_REFUSED @ http://localhost:5174/:0
[  754675ms] [ERROR] Failed to load resource: net::ERR_CONNECTION_REFUSED @ http://localhost:5174/:0
[  755678ms] [ERROR] Failed to load resource: net::ERR_CONNECTION_REFUSED @ http://localhost:5174/:0
[  756682ms] [ERROR] Failed to load resource: net::ERR_CONNECTION_REFUSED @ http://localhost:5174/:0
[  757686ms] [ERROR] Failed to load resource: net::ERR_CONNECTION_REFUSED @ http://localhost:5174/:0
[  758690ms] [ERROR] Failed to load resource: net::ERR_CONNECTION_REFUSED @ http://localhost:5174/:0
[  759693ms] [ERROR] Failed to load resource: net::ERR_CONNECTION_REFUSED @ http://localhost:5174/:0
[  760697ms] [ERROR] Failed to load resource: net::ERR_CONNECTION_REFUSED @ http://localhost:5174/:0
[  761701ms] [ERROR] Failed to load resource: net::ERR_CONNECTION_REFUSED @ http://localhost:5174/:0
[  762704ms] [ERROR] Failed to load resource: net::ERR_CONNECTION_REFUSED @ http://localhost:5174/:0
[  763708ms] [ERROR] Failed to load resource: net::ERR_CONNECTION_REFUSED @ http://localhost:5174/:0
[  764711ms] [ERROR] Failed to load resource: net::ERR_CONNECTION_REFUSED @ http://localhost:5174/:0
[  765714ms] [ERROR] Failed to load resource: net::ERR_CONNECTION_REFUSED @ http://localhost:5174/:0
[  766718ms] [ERROR] Failed to load resource: net::ERR_CONNECTION_REFUSED @ http://localhost:5174/:0
[  767721ms] [ERROR] Failed to load resource: net::ERR_CONNECTION_REFUSED @ http://localhost:5174/:0
[  768724ms] [ERROR] Failed to load resource: net::ERR_CONNECTION_REFUSED @ http://localhost:5174/:0
[  769727ms] [ERROR] Failed to load resource: net::ERR_CONNECTION_REFUSED @ http://localhost:5174/:0
[  770731ms] [ERROR] Failed to load resource: net::ERR_CONNECTION_REFUSED @ http://localhost:5174/:0
[  771735ms] [ERROR] Failed to load resource: net::ERR_CONNECTION_REFUSED @ http://localhost:5174/:0
[  772739ms] [ERROR] Failed to load resource: net::ERR_CONNECTION_REFUSED @ http://localhost:5174/:0
[  773743ms] [ERROR] Failed to load resource: net::ERR_CONNECTION_REFUSED @ http://localhost:5174/:0
[  774746ms] [ERROR] Failed to load resource: net::ERR_CONNECTION_REFUSED @ http://localhost:5174/:0
[  775749ms] [ERROR] Failed to load resource: net::ERR_CONNECTION_REFUSED @ http://localhost:5174/:0
[  776752ms] [ERROR] Failed to load resource: net::ERR_CONNECTION_REFUSED @ http://localhost:5174/:0
[  777756ms] [ERROR] Failed to load resource: net::ERR_CONNECTION_REFUSED @ http://localhost:5174/:0
[  778760ms] [ERROR] Failed to load resource: net::ERR_CONNECTION_REFUSED @ http://localhost:5174/:0
[  779763ms] [ERROR] Failed to load resource: net::ERR_CONNECTION_REFUSED @ http://localhost:5174/:0
[  780767ms] [ERROR] Failed to load resource: net::ERR_CONNECTION_REFUSED @ http://localhost:5174/:0
[  781771ms] [ERROR] Failed to load resource: net::ERR_CONNECTION_REFUSED @ http://localhost:5174/:0
[  782776ms] [ERROR] Failed to load resource: net::ERR_CONNECTION_REFUSED @ http://localhost:5174/:0
[  783780ms] [ERROR] Failed to load resource: net::ERR_CONNECTION_REFUSED @ http://localhost:5174/:0
[  784784ms] [ERROR] Failed to load resource: net::ERR_CONNECTION_REFUSED @ http://localhost:5174/:0
[  785789ms] [ERROR] Failed to load resource: net::ERR_CONNECTION_REFUSED @ http://localhost:5174/:0
[  786792ms] [ERROR] Failed to load resource: net::ERR_CONNECTION_REFUSED @ http://localhost:5174/:0
[  787796ms] [ERROR] Failed to load resource: net::ERR_CONNECTION_REFUSED @ http://localhost:5174/:0
[  788801ms] [ERROR] Failed to load resource: net::ERR_CONNECTION_REFUSED @ http://localhost:5174/:0
[  789806ms] [ERROR] Failed to load resource: net::ERR_CONNECTION_REFUSED @ http://localhost:5174/:0
[  790811ms] [ERROR] Failed to load resource: net::ERR_CONNECTION_REFUSED @ http://localhost:5174/:0
[  791816ms] [ERROR] Failed to load resource: net::ERR_CONNECTION_REFUSED @ http://localhost:5174/:0
[  792820ms] [ERROR] Failed to load resource: net::ERR_CONNECTION_REFUSED @ http://localhost:5174/:0
[  793824ms] [ERROR] Failed to load resource: net::ERR_CONNECTION_REFUSED @ http://localhost:5174/:0
[  794829ms] [ERROR] Failed to load resource: net::ERR_CONNECTION_REFUSED @ http://localhost:5174/:0
[  795833ms] [ERROR] Failed to load resource: net::ERR_CONNECTION_REFUSED @ http://localhost:5174/:0
[  796836ms] [ERROR] Failed to load resource: net::ERR_CONNECTION_REFUSED @ http://localhost:5174/:0
[  797840ms] [ERROR] Failed to load resource: net::ERR_CONNECTION_REFUSED @ http://localhost:5174/:0
[  798843ms] [ERROR] Failed to load resource: net::ERR_CONNECTION_REFUSED @ http://localhost:5174/:0
[  799847ms] [ERROR] Failed to load resource: net::ERR_CONNECTION_REFUSED @ http://localhost:5174/:0
[  800850ms] [ERROR] Failed to load resource: net::ERR_CONNECTION_REFUSED @ http://localhost:5174/:0
[  801854ms] [ERROR] Failed to load resource: net::ERR_CONNECTION_REFUSED @ http://localhost:5174/:0
[  802858ms] [ERROR] Failed to load resource: net::ERR_CONNECTION_REFUSED @ http://localhost:5174/:0
[  803862ms] [ERROR] Failed to load resource: net::ERR_CONNECTION_REFUSED @ http://localhost:5174/:0
[  804865ms] [ERROR] Failed to load resource: net::ERR_CONNECTION_REFUSED @ http://localhost:5174/:0
[  805869ms] [ERROR] Failed to load resource: net::ERR_CONNECTION_REFUSED @ http://localhost:5174/:0
[  806874ms] [ERROR] Failed to load resource: net::ERR_CONNECTION_REFUSED @ http://localhost:5174/:0
[  807876ms] [ERROR] Failed to load resource: net::ERR_CONNECTION_REFUSED @ http://localhost:5174/:0
[  808880ms] [ERROR] Failed to load resource: net::ERR_CONNECTION_REFUSED @ http://localhost:5174/:0
[  809884ms] [ERROR] Failed to load resource: net::ERR_CONNECTION_REFUSED @ http://localhost:5174/:0
[  810887ms] [ERROR] Failed to load resource: net::ERR_CONNECTION_REFUSED @ http://localhost:5174/:0
[  811891ms] [ERROR] Failed to load resource: net::ERR_CONNECTION_REFUSED @ http://localhost:5174/:0
[  812893ms] [ERROR] Failed to load resource: net::ERR_CONNECTION_REFUSED @ http://localhost:5174/:0
[  813895ms] [ERROR] Failed to load resource: net::ERR_CONNECTION_REFUSED @ http://localhost:5174/:0
[  814898ms] [ERROR] Failed to load resource: net::ERR_CONNECTION_REFUSED @ http://localhost:5174/:0
[  815903ms] [ERROR] Failed to load resource: net::ERR_CONNECTION_REFUSED @ http://localhost:5174/:0
[  816907ms] [ERROR] Failed to load resource: net::ERR_CONNECTION_REFUSED @ http://localhost:5174/:0
[  817911ms] [ERROR] Failed to load resource: net::ERR_CONNECTION_REFUSED @ http://localhost:5174/:0
[  818915ms] [ERROR] Failed to load resource: net::ERR_CONNECTION_REFUSED @ http://localhost:5174/:0
[  819919ms] [ERROR] Failed to load resource: net::ERR_CONNECTION_REFUSED @ http://localhost:5174/:0
[  820924ms] [ERROR] Failed to load resource: net::ERR_CONNECTION_REFUSED @ http://localhost:5174/:0
[  821928ms] [ERROR] Failed to load resource: net::ERR_CONNECTION_REFUSED @ http://localhost:5174/:0
[  822933ms] [ERROR] Failed to load resource: net::ERR_CONNECTION_REFUSED @ http://localhost:5174/:0
[  823935ms] [ERROR] Failed to load resource: net::ERR_CONNECTION_REFUSED @ http://localhost:5174/:0
[  824939ms] [ERROR] Failed to load resource: net::ERR_CONNECTION_REFUSED @ http://localhost:5174/:0
[  825941ms] [ERROR] Failed to load resource: net::ERR_CONNECTION_REFUSED @ http://localhost:5174/:0
[  826943ms] [ERROR] Failed to load resource: net::ERR_CONNECTION_REFUSED @ http://localhost:5174/:0
[  827947ms] [ERROR] Failed to load resource: net::ERR_CONNECTION_REFUSED @ http://localhost:5174/:0
[  828952ms] [ERROR] Failed to load resource: net::ERR_CONNECTION_REFUSED @ http://localhost:5174/:0
[  829955ms] [ERROR] Failed to load resource: net::ERR_CONNECTION_REFUSED @ http://localhost:5174/:0
[  830959ms] [ERROR] Failed to load resource: net::ERR_CONNECTION_REFUSED @ http://localhost:5174/:0
[  831963ms] [ERROR] Failed to load resource: net::ERR_CONNECTION_REFUSED @ http://localhost:5174/:0
[  832965ms] [ERROR] Failed to load resource: net::ERR_CONNECTION_REFUSED @ http://localhost:5174/:0
[  833966ms] [ERROR] Failed to load resource: net::ERR_CONNECTION_REFUSED @ http://localhost:5174/:0
[  834968ms] [ERROR] Failed to load resource: net::ERR_CONNECTION_REFUSED @ http://localhost:5174/:0
[  835971ms] [ERROR] Failed to load resource: net::ERR_CONNECTION_REFUSED @ http://localhost:5174/:0
[  836975ms] [ERROR] Failed to load resource: net::ERR_CONNECTION_REFUSED @ http://localhost:5174/:0
[  837979ms] [ERROR] Failed to load resource: net::ERR_CONNECTION_REFUSED @ http://localhost:5174/:0
[  838984ms] [ERROR] Failed to load resource: net::ERR_CONNECTION_REFUSED @ http://localhost:5174/:0
[  839986ms] [ERROR] Failed to load resource: net::ERR_CONNECTION_REFUSED @ http://localhost:5174/:0
[  840989ms] [ERROR] Failed to load resource: net::ERR_CONNECTION_REFUSED @ http://localhost:5174/:0
[  841994ms] [ERROR] Failed to load resource: net::ERR_CONNECTION_REFUSED @ http://localhost:5174/:0
[  842998ms] [ERROR] Failed to load resource: net::ERR_CONNECTION_REFUSED @ http://localhost:5174/:0
[  844003ms] [ERROR] Failed to load resource: net::ERR_CONNECTION_REFUSED @ http://localhost:5174/:0
[  845006ms] [ERROR] Failed to load resource: net::ERR_CONNECTION_REFUSED @ http://localhost:5174/:0
[  846011ms] [ERROR] Failed to load resource: net::ERR_CONNECTION_REFUSED @ http://localhost:5174/:0
[  847014ms] [ERROR] Failed to load resource: net::ERR_CONNECTION_REFUSED @ http://localhost:5174/:0
[  848017ms] [ERROR] Failed to load resource: net::ERR_CONNECTION_REFUSED @ http://localhost:5174/:0
[  849021ms] [ERROR] Failed to load resource: net::ERR_CONNECTION_REFUSED @ http://localhost:5174/:0
[  850026ms] [ERROR] Failed to load resource: net::ERR_CONNECTION_REFUSED @ http://localhost:5174/:0
[  851029ms] [ERROR] Failed to load resource: net::ERR_CONNECTION_REFUSED @ http://localhost:5174/:0
[  852033ms] [ERROR] Failed to load resource: net::ERR_CONNECTION_REFUSED @ http://localhost:5174/:0
[  853037ms] [ERROR] Failed to load resource: net::ERR_CONNECTION_REFUSED @ http://localhost:5174/:0
[  854042ms] [ERROR] Failed to load resource: net::ERR_CONNECTION_REFUSED @ http://localhost:5174/:0
[  855045ms] [ERROR] Failed to load resource: net::ERR_CONNECTION_REFUSED @ http://localhost:5174/:0
[  856050ms] [ERROR] Failed to load resource: net::ERR_CONNECTION_REFUSED @ http://localhost:5174/:0
[  857054ms] [ERROR] Failed to load resource: net::ERR_CONNECTION_REFUSED @ http://localhost:5174/:0
[  858058ms] [ERROR] Failed to load resource: net::ERR_CONNECTION_REFUSED @ http://localhost:5174/:0
[  859061ms] [ERROR] Failed to load resource: net::ERR_CONNECTION_REFUSED @ http://localhost:5174/:0
[  860065ms] [ERROR] Failed to load resource: net::ERR_CONNECTION_REFUSED @ http://localhost:5174/:0
[  861070ms] [ERROR] Failed to load resource: net::ERR_CONNECTION_REFUSED @ http://localhost:5174/:0
[  862073ms] [ERROR] Failed to load resource: net::ERR_CONNECTION_REFUSED @ http://localhost:5174/:0
[  863078ms] [ERROR] Failed to load resource: net::ERR_CONNECTION_REFUSED @ http://localhost:5174/:0
[  864082ms] [ERROR] Failed to load resource: net::ERR_CONNECTION_REFUSED @ http://localhost:5174/:0
[  865086ms] [ERROR] Failed to load resource: net::ERR_CONNECTION_REFUSED @ http://localhost:5174/:0
[  866089ms] [ERROR] Failed to load resource: net::ERR_CONNECTION_REFUSED @ http://localhost:5174/:0
[  867093ms] [ERROR] Failed to load resource: net::ERR_CONNECTION_REFUSED @ http://localhost:5174/:0
[  868097ms] [ERROR] Failed to load resource: net::ERR_CONNECTION_REFUSED @ http://localhost:5174/:0
[  869101ms] [ERROR] Failed to load resource: net::ERR_CONNECTION_REFUSED @ http://localhost:5174/:0
[  870105ms] [ERROR] Failed to load resource: net::ERR_CONNECTION_REFUSED @ http://localhost:5174/:0
[  871108ms] [ERROR] Failed to load resource: net::ERR_CONNECTION_REFUSED @ http://localhost:5174/:0
[  872113ms] [ERROR] Failed to load resource: net::ERR_CONNECTION_REFUSED @ http://localhost:5174/:0
[  873116ms] [ERROR] Failed to load resource: net::ERR_CONNECTION_REFUSED @ http://localhost:5174/:0
[  874120ms] [ERROR] Failed to load resource: net::ERR_CONNECTION_REFUSED @ http://localhost:5174/:0
[  875124ms] [ERROR] Failed to load resource: net::ERR_CONNECTION_REFUSED @ http://localhost:5174/:0
[  876126ms] [ERROR] Failed to load resource: net::ERR_CONNECTION_REFUSED @ http://localhost:5174/:0
[  877130ms] [ERROR] Failed to load resource: net::ERR_CONNECTION_REFUSED @ http://localhost:5174/:0
[  878135ms] [ERROR] Failed to load resource: net::ERR_CONNECTION_REFUSED @ http://localhost:5174/:0
[  879139ms] [ERROR] Failed to load resource: net::ERR_CONNECTION_REFUSED @ http://localhost:5174/:0
[  880144ms] [ERROR] Failed to load resource: net::ERR_CONNECTION_REFUSED @ http://localhost:5174/:0
[  881148ms] [ERROR] Failed to load resource: net::ERR_CONNECTION_REFUSED @ http://localhost:5174/:0
[  882152ms] [ERROR] Failed to load resource: net::ERR_CONNECTION_REFUSED @ http://localhost:5174/:0
[  883157ms] [ERROR] Failed to load resource: net::ERR_CONNECTION_REFUSED @ http://localhost:5174/:0
[  884160ms] [ERROR] Failed to load resource: net::ERR_CONNECTION_REFUSED @ http://localhost:5174/:0
[  885163ms] [ERROR] Failed to load resource: net::ERR_CONNECTION_REFUSED @ http://localhost:5174/:0
[  886166ms] [ERROR] Failed to load resource: net::ERR_CONNECTION_REFUSED @ http://localhost:5174/:0
[  887169ms] [ERROR] Failed to load resource: net::ERR_CONNECTION_REFUSED @ http://localhost:5174/:0
[  888174ms] [ERROR] Failed to load resource: net::ERR_CONNECTION_REFUSED @ http://localhost:5174/:0
[  889178ms] [ERROR] Failed to load resource: net::ERR_CONNECTION_REFUSED @ http://localhost:5174/:0
[  890182ms] [ERROR] Failed to load resource: net::ERR_CONNECTION_REFUSED @ http://localhost:5174/:0
[  891185ms] [ERROR] Failed to load resource: net::ERR_CONNECTION_REFUSED @ http://localhost:5174/:0
[  892189ms] [ERROR] Failed to load resource: net::ERR_CONNECTION_REFUSED @ http://localhost:5174/:0
[  893193ms] [ERROR] Failed to load resource: net::ERR_CONNECTION_REFUSED @ http://localhost:5174/:0
[  894198ms] [ERROR] Failed to load resource: net::ERR_CONNECTION_REFUSED @ http://localhost:5174/:0
[  895203ms] [ERROR] Failed to load resource: net::ERR_CONNECTION_REFUSED @ http://localhost:5174/:0
[  896204ms] [ERROR] Failed to load resource: net::ERR_CONNECTION_REFUSED @ http://localhost:5174/:0
[  897208ms] [ERROR] Failed to load resource: net::ERR_CONNECTION_REFUSED @ http://localhost:5174/:0
[  898213ms] [ERROR] Failed to load resource: net::ERR_CONNECTION_REFUSED @ http://localhost:5174/:0
[  899218ms] [ERROR] Failed to load resource: net::ERR_CONNECTION_REFUSED @ http://localhost:5174/:0
[  900221ms] [ERROR] Failed to load resource: net::ERR_CONNECTION_REFUSED @ http://localhost:5174/:0
[  901225ms] [ERROR] Failed to load resource: net::ERR_CONNECTION_REFUSED @ http://localhost:5174/:0
[  902228ms] [ERROR] Failed to load resource: net::ERR_CONNECTION_REFUSED @ http://localhost:5174/:0
[  903232ms] [ERROR] Failed to load resource: net::ERR_CONNECTION_REFUSED @ http://localhost:5174/:0
[  904236ms] [ERROR] Failed to load resource: net::ERR_CONNECTION_REFUSED @ http://localhost:5174/:0
[  905240ms] [ERROR] Failed to load resource: net::ERR_CONNECTION_REFUSED @ http://localhost:5174/:0
[  906242ms] [ERROR] Failed to load resource: net::ERR_CONNECTION_REFUSED @ http://localhost:5174/:0
[  907247ms] [ERROR] Failed to load resource: net::ERR_CONNECTION_REFUSED @ http://localhost:5174/:0
[  908251ms] [ERROR] Failed to load resource: net::ERR_CONNECTION_REFUSED @ http://localhost:5174/:0
[  909255ms] [ERROR] Failed to load resource: net::ERR_CONNECTION_REFUSED @ http://localhost:5174/:0
[  910260ms] [ERROR] Failed to load resource: net::ERR_CONNECTION_REFUSED @ http://localhost:5174/:0
[  911262ms] [ERROR] Failed to load resource: net::ERR_CONNECTION_REFUSED @ http://localhost:5174/:0
[  912265ms] [ERROR] Failed to load resource: net::ERR_CONNECTION_REFUSED @ http://localhost:5174/:0
[  913270ms] [ERROR] Failed to load resource: net::ERR_CONNECTION_REFUSED @ http://localhost:5174/:0
[  914274ms] [ERROR] Failed to load resource: net::ERR_CONNECTION_REFUSED @ http://localhost:5174/:0
[  915278ms] [ERROR] Failed to load resource: net::ERR_CONNECTION_REFUSED @ http://localhost:5174/:0
[  916280ms] [ERROR] Failed to load resource: net::ERR_CONNECTION_REFUSED @ http://localhost:5174/:0
[  917285ms] [ERROR] Failed to load resource: net::ERR_CONNECTION_REFUSED @ http://localhost:5174/:0
[  918290ms] [ERROR] Failed to load resource: net::ERR_CONNECTION_REFUSED @ http://localhost:5174/:0
[  919292ms] [ERROR] Failed to load resource: net::ERR_CONNECTION_REFUSED @ http://localhost:5174/:0
[  920296ms] [ERROR] Failed to load resource: net::ERR_CONNECTION_REFUSED @ http://localhost:5174/:0
[  921299ms] [ERROR] Failed to load resource: net::ERR_CONNECTION_REFUSED @ http://localhost:5174/:0
[  922305ms] [ERROR] Failed to load resource: net::ERR_CONNECTION_REFUSED @ http://localhost:5174/:0
[  923308ms] [ERROR] Failed to load resource: net::ERR_CONNECTION_REFUSED @ http://localhost:5174/:0
[  924312ms] [ERROR] Failed to load resource: net::ERR_CONNECTION_REFUSED @ http://localhost:5174/:0
[  925317ms] [ERROR] Failed to load resource: net::ERR_CONNECTION_REFUSED @ http://localhost:5174/:0
[  926321ms] [ERROR] Failed to load resource: net::ERR_CONNECTION_REFUSED @ http://localhost:5174/:0
[  927324ms] [ERROR] Failed to load resource: net::ERR_CONNECTION_REFUSED @ http://localhost:5174/:0
[  928328ms] [ERROR] Failed to load resource: net::ERR_CONNECTION_REFUSED @ http://localhost:5174/:0
[  929334ms] [ERROR] Failed to load resource: net::ERR_CONNECTION_REFUSED @ http://localhost:5174/:0
[  930338ms] [ERROR] Failed to load resource: net::ERR_CONNECTION_REFUSED @ http://localhost:5174/:0
[  931343ms] [ERROR] Failed to load resource: net::ERR_CONNECTION_REFUSED @ http://localhost:5174/:0
[  932348ms] [ERROR] Failed to load resource: net::ERR_CONNECTION_REFUSED @ http://localhost:5174/:0
[  933351ms] [ERROR] Failed to load resource: net::ERR_CONNECTION_REFUSED @ http://localhost:5174/:0
[  934355ms] [ERROR] Failed to load resource: net::ERR_CONNECTION_REFUSED @ http://localhost:5174/:0
[  935360ms] [ERROR] Failed to load resource: net::ERR_CONNECTION_REFUSED @ http://localhost:5174/:0
[  936364ms] [ERROR] Failed to load resource: net::ERR_CONNECTION_REFUSED @ http://localhost:5174/:0
[  937368ms] [ERROR] Failed to load resource: net::ERR_CONNECTION_REFUSED @ http://localhost:5174/:0
[  938372ms] [ERROR] Failed to load resource: net::ERR_CONNECTION_REFUSED @ http://localhost:5174/:0
[  939377ms] [ERROR] Failed to load resource: net::ERR_CONNECTION_REFUSED @ http://localhost:5174/:0
[  940380ms] [ERROR] Failed to load resource: net::ERR_CONNECTION_REFUSED @ http://localhost:5174/:0
[  941384ms] [ERROR] Failed to load resource: net::ERR_CONNECTION_REFUSED @ http://localhost:5174/:0
[  942389ms] [ERROR] Failed to load resource: net::ERR_CONNECTION_REFUSED @ http://localhost:5174/:0
[  943393ms] [ERROR] Failed to load resource: net::ERR_CONNECTION_REFUSED @ http://localhost:5174/:0
[  944398ms] [ERROR] Failed to load resource: net::ERR_CONNECTION_REFUSED @ http://localhost:5174/:0
[  945403ms] [ERROR] Failed to load resource: net::ERR_CONNECTION_REFUSED @ http://localhost:5174/:0
[  946407ms] [ERROR] Failed to load resource: net::ERR_CONNECTION_REFUSED @ http://localhost:5174/:0
[  947411ms] [ERROR] Failed to load resource: net::ERR_CONNECTION_REFUSED @ http://localhost:5174/:0
[  948415ms] [ERROR] Failed to load resource: net::ERR_CONNECTION_REFUSED @ http://localhost:5174/:0
[  949420ms] [ERROR] Failed to load resource: net::ERR_CONNECTION_REFUSED @ http://localhost:5174/:0
[  950423ms] [ERROR] Failed to load resource: net::ERR_CONNECTION_REFUSED @ http://localhost:5174/:0
[  951427ms] [ERROR] Failed to load resource: net::ERR_CONNECTION_REFUSED @ http://localhost:5174/:0
[  952431ms] [ERROR] Failed to load resource: net::ERR_CONNECTION_REFUSED @ http://localhost:5174/:0
[  953433ms] [ERROR] Failed to load resource: net::ERR_CONNECTION_REFUSED @ http://localhost:5174/:0
[  954437ms] [ERROR] Failed to load resource: net::ERR_CONNECTION_REFUSED @ http://localhost:5174/:0
[  955441ms] [ERROR] Failed to load resource: net::ERR_CONNECTION_REFUSED @ http://localhost:5174/:0
[  956446ms] [ERROR] Failed to load resource: net::ERR_CONNECTION_REFUSED @ http://localhost:5174/:0
[  957449ms] [ERROR] Failed to load resource: net::ERR_CONNECTION_REFUSED @ http://localhost:5174/:0
[  958452ms] [ERROR] Failed to load resource: net::ERR_CONNECTION_REFUSED @ http://localhost:5174/:0
[  959456ms] [ERROR] Failed to load resource: net::ERR_CONNECTION_REFUSED @ http://localhost:5174/:0
[  960460ms] [ERROR] Failed to load resource: net::ERR_CONNECTION_REFUSED @ http://localhost:5174/:0
[  961465ms] [ERROR] Failed to load resource: net::ERR_CONNECTION_REFUSED @ http://localhost:5174/:0
[  962468ms] [ERROR] Failed to load resource: net::ERR_CONNECTION_REFUSED @ http://localhost:5174/:0
[  963472ms] [ERROR] Failed to load resource: net::ERR_CONNECTION_REFUSED @ http://localhost:5174/:0
[  964477ms] [ERROR] Failed to load resource: net::ERR_CONNECTION_REFUSED @ http://localhost:5174/:0
[  965482ms] [ERROR] Failed to load resource: net::ERR_CONNECTION_REFUSED @ http://localhost:5174/:0
[  966485ms] [ERROR] Failed to load resource: net::ERR_CONNECTION_REFUSED @ http://localhost:5174/:0
[  967490ms] [ERROR] Failed to load resource: net::ERR_CONNECTION_REFUSED @ http://localhost:5174/:0
[  968494ms] [ERROR] Failed to load resource: net::ERR_CONNECTION_REFUSED @ http://localhost:5174/:0
[  969499ms] [ERROR] Failed to load resource: net::ERR_CONNECTION_REFUSED @ http://localhost:5174/:0
[  970501ms] [ERROR] Failed to load resource: net::ERR_CONNECTION_REFUSED @ http://localhost:5174/:0
[  971506ms] [ERROR] Failed to load resource: net::ERR_CONNECTION_REFUSED @ http://localhost:5174/:0
[  972510ms] [ERROR] Failed to load resource: net::ERR_CONNECTION_REFUSED @ http://localhost:5174/:0
[  973514ms] [ERROR] Failed to load resource: net::ERR_CONNECTION_REFUSED @ http://localhost:5174/:0
[  974519ms] [ERROR] Failed to load resource: net::ERR_CONNECTION_REFUSED @ http://localhost:5174/:0
[  975524ms] [ERROR] Failed to load resource: net::ERR_CONNECTION_REFUSED @ http://localhost:5174/:0
[  976527ms] [ERROR] Failed to load resource: net::ERR_CONNECTION_REFUSED @ http://localhost:5174/:0
[  977530ms] [ERROR] Failed to load resource: net::ERR_CONNECTION_REFUSED @ http://localhost:5174/:0
[  978534ms] [ERROR] Failed to load resource: net::ERR_CONNECTION_REFUSED @ http://localhost:5174/:0
[  979539ms] [ERROR] Failed to load resource: net::ERR_CONNECTION_REFUSED @ http://localhost:5174/:0
[  980543ms] [ERROR] Failed to load resource: net::ERR_CONNECTION_REFUSED @ http://localhost:5174/:0
[  981546ms] [ERROR] Failed to load resource: net::ERR_CONNECTION_REFUSED @ http://localhost:5174/:0
[  982551ms] [ERROR] Failed to load resource: net::ERR_CONNECTION_REFUSED @ http://localhost:5174/:0
[  983555ms] [ERROR] Failed to load resource: net::ERR_CONNECTION_REFUSED @ http://localhost:5174/:0
[  984558ms] [ERROR] Failed to load resource: net::ERR_CONNECTION_REFUSED @ http://localhost:5174/:0
[  985562ms] [ERROR] Failed to load resource: net::ERR_CONNECTION_REFUSED @ http://localhost:5174/:0
[  986567ms] [ERROR] Failed to load resource: net::ERR_CONNECTION_REFUSED @ http://localhost:5174/:0
[  987570ms] [ERROR] Failed to load resource: net::ERR_CONNECTION_REFUSED @ http://localhost:5174/:0
[  988573ms] [ERROR] Failed to load resource: net::ERR_CONNECTION_REFUSED @ http://localhost:5174/:0
[  989577ms] [ERROR] Failed to load resource: net::ERR_CONNECTION_REFUSED @ http://localhost:5174/:0
[  990582ms] [ERROR] Failed to load resource: net::ERR_CONNECTION_REFUSED @ http://localhost:5174/:0
[  991585ms] [ERROR] Failed to load resource: net::ERR_CONNECTION_REFUSED @ http://localhost:5174/:0
[  992589ms] [ERROR] Failed to load resource: net::ERR_CONNECTION_REFUSED @ http://localhost:5174/:0
[  993593ms] [ERROR] Failed to load resource: net::ERR_CONNECTION_REFUSED @ http://localhost:5174/:0
[  994598ms] [ERROR] Failed to load resource: net::ERR_CONNECTION_REFUSED @ http://localhost:5174/:0
[  995601ms] [ERROR] Failed to load resource: net::ERR_CONNECTION_REFUSED @ http://localhost:5174/:0
[  996605ms] [ERROR] Failed to load resource: net::ERR_CONNECTION_REFUSED @ http://localhost:5174/:0
[  997608ms] [ERROR] Failed to load resource: net::ERR_CONNECTION_REFUSED @ http://localhost:5174/:0
[  998613ms] [ERROR] Failed to load resource: net::ERR_CONNECTION_REFUSED @ http://localhost:5174/:0
[  999617ms] [ERROR] Failed to load resource: net::ERR_CONNECTION_REFUSED @ http://localhost:5174/:0
[ 1000621ms] [ERROR] Failed to load resource: net::ERR_CONNECTION_REFUSED @ http://localhost:5174/:0
[ 1001626ms] [ERROR] Failed to load resource: net::ERR_CONNECTION_REFUSED @ http://localhost:5174/:0
[ 1002629ms] [ERROR] Failed to load resource: net::ERR_CONNECTION_REFUSED @ http://localhost:5174/:0
[ 1003633ms] [ERROR] Failed to load resource: net::ERR_CONNECTION_REFUSED @ http://localhost:5174/:0
[ 1004637ms] [ERROR] Failed to load resource: net::ERR_CONNECTION_REFUSED @ http://localhost:5174/:0
[ 1005643ms] [ERROR] Failed to load resource: net::ERR_CONNECTION_REFUSED @ http://localhost:5174/:0
[ 1006646ms] [ERROR] Failed to load resource: net::ERR_CONNECTION_REFUSED @ http://localhost:5174/:0
[ 1007651ms] [ERROR] Failed to load resource: net::ERR_CONNECTION_REFUSED @ http://localhost:5174/:0
[ 1008656ms] [ERROR] Failed to load resource: net::ERR_CONNECTION_REFUSED @ http://localhost:5174/:0
[ 1009660ms] [ERROR] Failed to load resource: net::ERR_CONNECTION_REFUSED @ http://localhost:5174/:0
[ 1010663ms] [ERROR] Failed to load resource: net::ERR_CONNECTION_REFUSED @ http://localhost:5174/:0
[ 1011668ms] [ERROR] Failed to load resource: net::ERR_CONNECTION_REFUSED @ http://localhost:5174/:0
[ 1012671ms] [ERROR] Failed to load resource: net::ERR_CONNECTION_REFUSED @ http://localhost:5174/:0
[ 1013675ms] [ERROR] Failed to load resource: net::ERR_CONNECTION_REFUSED @ http://localhost:5174/:0
[ 1014680ms] [ERROR] Failed to load resource: net::ERR_CONNECTION_REFUSED @ http://localhost:5174/:0
[ 1015685ms] [ERROR] Failed to load resource: net::ERR_CONNECTION_REFUSED @ http://localhost:5174/:0
[ 1016689ms] [ERROR] Failed to load resource: net::ERR_CONNECTION_REFUSED @ http://localhost:5174/:0
[ 1017693ms] [ERROR] Failed to load resource: net::ERR_CONNECTION_REFUSED @ http://localhost:5174/:0
[ 1018696ms] [ERROR] Failed to load resource: net::ERR_CONNECTION_REFUSED @ http://localhost:5174/:0
[ 1019701ms] [ERROR] Failed to load resource: net::ERR_CONNECTION_REFUSED @ http://localhost:5174/:0
[ 1020705ms] [ERROR] Failed to load resource: net::ERR_CONNECTION_REFUSED @ http://localhost:5174/:0
[ 1021709ms] [ERROR] Failed to load resource: net::ERR_CONNECTION_REFUSED @ http://localhost:5174/:0
[ 1022713ms] [ERROR] Failed to load resource: net::ERR_CONNECTION_REFUSED @ http://localhost:5174/:0
[ 1023716ms] [ERROR] Failed to load resource: net::ERR_CONNECTION_REFUSED @ http://localhost:5174/:0
[ 1024720ms] [ERROR] Failed to load resource: net::ERR_CONNECTION_REFUSED @ http://localhost:5174/:0
[ 1025725ms] [ERROR] Failed to load resource: net::ERR_CONNECTION_REFUSED @ http://localhost:5174/:0
[ 1026730ms] [ERROR] Failed to load resource: net::ERR_CONNECTION_REFUSED @ http://localhost:5174/:0
[ 1027732ms] [ERROR] Failed to load resource: net::ERR_CONNECTION_REFUSED @ http://localhost:5174/:0
[ 1028736ms] [ERROR] Failed to load resource: net::ERR_CONNECTION_REFUSED @ http://localhost:5174/:0
[ 1029741ms] [ERROR] Failed to load resource: net::ERR_CONNECTION_REFUSED @ http://localhost:5174/:0
[ 1030745ms] [ERROR] Failed to load resource: net::ERR_CONNECTION_REFUSED @ http://localhost:5174/:0
[ 1031749ms] [ERROR] Failed to load resource: net::ERR_CONNECTION_REFUSED @ http://localhost:5174/:0
[ 1032752ms] [ERROR] Failed to load resource: net::ERR_CONNECTION_REFUSED @ http://localhost:5174/:0
[ 1033757ms] [ERROR] Failed to load resource: net::ERR_CONNECTION_REFUSED @ http://localhost:5174/:0
[ 1034760ms] [ERROR] Failed to load resource: net::ERR_CONNECTION_REFUSED @ http://localhost:5174/:0
[ 1035764ms] [ERROR] Failed to load resource: net::ERR_CONNECTION_REFUSED @ http://localhost:5174/:0
[ 1036767ms] [ERROR] Failed to load resource: net::ERR_CONNECTION_REFUSED @ http://localhost:5174/:0
[ 1037771ms] [ERROR] Failed to load resource: net::ERR_CONNECTION_REFUSED @ http://localhost:5174/:0
[ 1038773ms] [ERROR] Failed to load resource: net::ERR_CONNECTION_REFUSED @ http://localhost:5174/:0
[ 1039776ms] [ERROR] Failed to load resource: net::ERR_CONNECTION_REFUSED @ http://localhost:5174/:0
[ 1040780ms] [ERROR] Failed to load resource: net::ERR_CONNECTION_REFUSED @ http://localhost:5174/:0
[ 1041784ms] [ERROR] Failed to load resource: net::ERR_CONNECTION_REFUSED @ http://localhost:5174/:0
[ 1042787ms] [ERROR] Failed to load resource: net::ERR_CONNECTION_REFUSED @ http://localhost:5174/:0
[ 1043790ms] [ERROR] Failed to load resource: net::ERR_CONNECTION_REFUSED @ http://localhost:5174/:0
[ 1044794ms] [ERROR] Failed to load resource: net::ERR_CONNECTION_REFUSED @ http://localhost:5174/:0
[ 1045798ms] [ERROR] Failed to load resource: net::ERR_CONNECTION_REFUSED @ http://localhost:5174/:0
[ 1046802ms] [ERROR] Failed to load resource: net::ERR_CONNECTION_REFUSED @ http://localhost:5174/:0
[ 1047804ms] [ERROR] Failed to load resource: net::ERR_CONNECTION_REFUSED @ http://localhost:5174/:0
[ 1048809ms] [ERROR] Failed to load resource: net::ERR_CONNECTION_REFUSED @ http://localhost:5174/:0
[ 1049813ms] [ERROR] Failed to load resource: net::ERR_CONNECTION_REFUSED @ http://localhost:5174/:0
[ 1050818ms] [ERROR] Failed to load resource: net::ERR_CONNECTION_REFUSED @ http://localhost:5174/:0
[ 1051822ms] [ERROR] Failed to load resource: net::ERR_CONNECTION_REFUSED @ http://localhost:5174/:0
[ 1052825ms] [ERROR] Failed to load resource: net::ERR_CONNECTION_REFUSED @ http://localhost:5174/:0
[ 1053830ms] [ERROR] Failed to load resource: net::ERR_CONNECTION_REFUSED @ http://localhost:5174/:0
[ 1054833ms] [ERROR] Failed to load resource: net::ERR_CONNECTION_REFUSED @ http://localhost:5174/:0
[ 1055837ms] [ERROR] Failed to load resource: net::ERR_CONNECTION_REFUSED @ http://localhost:5174/:0
[ 1056841ms] [ERROR] Failed to load resource: net::ERR_CONNECTION_REFUSED @ http://localhost:5174/:0
[ 1057844ms] [ERROR] Failed to load resource: net::ERR_CONNECTION_REFUSED @ http://localhost:5174/:0
[ 1058848ms] [ERROR] Failed to load resource: net::ERR_CONNECTION_REFUSED @ http://localhost:5174/:0
[ 1059851ms] [ERROR] Failed to load resource: net::ERR_CONNECTION_REFUSED @ http://localhost:5174/:0
[ 1060856ms] [ERROR] Failed to load resource: net::ERR_CONNECTION_REFUSED @ http://localhost:5174/:0
[ 1061861ms] [ERROR] Failed to load resource: net::ERR_CONNECTION_REFUSED @ http://localhost:5174/:0
[ 1062864ms] [ERROR] Failed to load resource: net::ERR_CONNECTION_REFUSED @ http://localhost:5174/:0
[ 1063868ms] [ERROR] Failed to load resource: net::ERR_CONNECTION_REFUSED @ http://localhost:5174/:0
[ 1064873ms] [ERROR] Failed to load resource: net::ERR_CONNECTION_REFUSED @ http://localhost:5174/:0
[ 1065877ms] [ERROR] Failed to load resource: net::ERR_CONNECTION_REFUSED @ http://localhost:5174/:0
[ 1066880ms] [ERROR] Failed to load resource: net::ERR_CONNECTION_REFUSED @ http://localhost:5174/:0
[ 1067884ms] [ERROR] Failed to load resource: net::ERR_CONNECTION_REFUSED @ http://localhost:5174/:0
[ 1068888ms] [ERROR] Failed to load resource: net::ERR_CONNECTION_REFUSED @ http://localhost:5174/:0
[ 1069891ms] [ERROR] Failed to load resource: net::ERR_CONNECTION_REFUSED @ http://localhost:5174/:0
[ 1070895ms] [ERROR] Failed to load resource: net::ERR_CONNECTION_REFUSED @ http://localhost:5174/:0
[ 1071900ms] [ERROR] Failed to load resource: net::ERR_CONNECTION_REFUSED @ http://localhost:5174/:0
[ 1072904ms] [ERROR] Failed to load resource: net::ERR_CONNECTION_REFUSED @ http://localhost:5174/:0
[ 1073908ms] [ERROR] Failed to load resource: net::ERR_CONNECTION_REFUSED @ http://localhost:5174/:0
[ 1074912ms] [ERROR] Failed to load resource: net::ERR_CONNECTION_REFUSED @ http://localhost:5174/:0
[ 1075916ms] [ERROR] Failed to load resource: net::ERR_CONNECTION_REFUSED @ http://localhost:5174/:0
[ 1076920ms] [ERROR] Failed to load resource: net::ERR_CONNECTION_REFUSED @ http://localhost:5174/:0
[ 1077924ms] [ERROR] Failed to load resource: net::ERR_CONNECTION_REFUSED @ http://localhost:5174/:0
[ 1078929ms] [ERROR] Failed to load resource: net::ERR_CONNECTION_REFUSED @ http://localhost:5174/:0
[ 1079934ms] [ERROR] Failed to load resource: net::ERR_CONNECTION_REFUSED @ http://localhost:5174/:0
[ 1080937ms] [ERROR] Failed to load resource: net::ERR_CONNECTION_REFUSED @ http://localhost:5174/:0
[ 1081941ms] [ERROR] Failed to load resource: net::ERR_CONNECTION_REFUSED @ http://localhost:5174/:0
[ 1082946ms] [ERROR] Failed to load resource: net::ERR_CONNECTION_REFUSED @ http://localhost:5174/:0
[ 1083949ms] [ERROR] Failed to load resource: net::ERR_CONNECTION_REFUSED @ http://localhost:5174/:0
[ 1084953ms] [ERROR] Failed to load resource: net::ERR_CONNECTION_REFUSED @ http://localhost:5174/:0
[ 1085957ms] [ERROR] Failed to load resource: net::ERR_CONNECTION_REFUSED @ http://localhost:5174/:0
[ 1086962ms] [ERROR] Failed to load resource: net::ERR_CONNECTION_REFUSED @ http://localhost:5174/:0
[ 1087965ms] [ERROR] Failed to load resource: net::ERR_CONNECTION_REFUSED @ http://localhost:5174/:0
[ 1088969ms] [ERROR] Failed to load resource: net::ERR_CONNECTION_REFUSED @ http://localhost:5174/:0
[ 1089973ms] [ERROR] Failed to load resource: net::ERR_CONNECTION_REFUSED @ http://localhost:5174/:0
[ 1090977ms] [ERROR] Failed to load resource: net::ERR_CONNECTION_REFUSED @ http://localhost:5174/:0
[ 1091981ms] [ERROR] Failed to load resource: net::ERR_CONNECTION_REFUSED @ http://localhost:5174/:0
[ 1092985ms] [ERROR] Failed to load resource: net::ERR_CONNECTION_REFUSED @ http://localhost:5174/:0
[ 1093990ms] [ERROR] Failed to load resource: net::ERR_CONNECTION_REFUSED @ http://localhost:5174/:0
[ 1094994ms] [ERROR] Failed to load resource: net::ERR_CONNECTION_REFUSED @ http://localhost:5174/:0
[ 1095998ms] [ERROR] Failed to load resource: net::ERR_CONNECTION_REFUSED @ http://localhost:5174/:0
[ 1097003ms] [ERROR] Failed to load resource: net::ERR_CONNECTION_REFUSED @ http://localhost:5174/:0
[ 1098008ms] [ERROR] Failed to load resource: net::ERR_CONNECTION_REFUSED @ http://localhost:5174/:0
[ 1099012ms] [ERROR] Failed to load resource: net::ERR_CONNECTION_REFUSED @ http://localhost:5174/:0
[ 1100015ms] [ERROR] Failed to load resource: net::ERR_CONNECTION_REFUSED @ http://localhost:5174/:0
[ 1101020ms] [ERROR] Failed to load resource: net::ERR_CONNECTION_REFUSED @ http://localhost:5174/:0
[ 1102024ms] [ERROR] Failed to load resource: net::ERR_CONNECTION_REFUSED @ http://localhost:5174/:0
[ 1103027ms] [ERROR] Failed to load resource: net::ERR_CONNECTION_REFUSED @ http://localhost:5174/:0
[ 1104032ms] [ERROR] Failed to load resource: net::ERR_CONNECTION_REFUSED @ http://localhost:5174/:0
[ 1105037ms] [ERROR] Failed to load resource: net::ERR_CONNECTION_REFUSED @ http://localhost:5174/:0
[ 1106040ms] [ERROR] Failed to load resource: net::ERR_CONNECTION_REFUSED @ http://localhost:5174/:0
[ 1107044ms] [ERROR] Failed to load resource: net::ERR_CONNECTION_REFUSED @ http://localhost:5174/:0
[ 1108048ms] [ERROR] Failed to load resource: net::ERR_CONNECTION_REFUSED @ http://localhost:5174/:0
[ 1109052ms] [ERROR] Failed to load resource: net::ERR_CONNECTION_REFUSED @ http://localhost:5174/:0
[ 1110057ms] [ERROR] Failed to load resource: net::ERR_CONNECTION_REFUSED @ http://localhost:5174/:0
[ 1111062ms] [ERROR] Failed to load resource: net::ERR_CONNECTION_REFUSED @ http://localhost:5174/:0
[ 1112067ms] [ERROR] Failed to load resource: net::ERR_CONNECTION_REFUSED @ http://localhost:5174/:0
[ 1113071ms] [ERROR] Failed to load resource: net::ERR_CONNECTION_REFUSED @ http://localhost:5174/:0
[ 1114076ms] [ERROR] Failed to load resource: net::ERR_CONNECTION_REFUSED @ http://localhost:5174/:0
[ 1115081ms] [ERROR] Failed to load resource: net::ERR_CONNECTION_REFUSED @ http://localhost:5174/:0
[ 1116084ms] [ERROR] Failed to load resource: net::ERR_CONNECTION_REFUSED @ http://localhost:5174/:0
[ 1117089ms] [ERROR] Failed to load resource: net::ERR_CONNECTION_REFUSED @ http://localhost:5174/:0
[ 1118095ms] [ERROR] Failed to load resource: net::ERR_CONNECTION_REFUSED @ http://localhost:5174/:0
[ 1119098ms] [ERROR] Failed to load resource: net::ERR_CONNECTION_REFUSED @ http://localhost:5174/:0
[ 1120103ms] [ERROR] Failed to load resource: net::ERR_CONNECTION_REFUSED @ http://localhost:5174/:0
[ 1121108ms] [ERROR] Failed to load resource: net::ERR_CONNECTION_REFUSED @ http://localhost:5174/:0
[ 1122111ms] [ERROR] Failed to load resource: net::ERR_CONNECTION_REFUSED @ http://localhost:5174/:0
[ 1123114ms] [ERROR] Failed to load resource: net::ERR_CONNECTION_REFUSED @ http://localhost:5174/:0
[ 1124118ms] [ERROR] Failed to load resource: net::ERR_CONNECTION_REFUSED @ http://localhost:5174/:0
[ 1125123ms] [ERROR] Failed to load resource: net::ERR_CONNECTION_REFUSED @ http://localhost:5174/:0
[ 1126126ms] [ERROR] Failed to load resource: net::ERR_CONNECTION_REFUSED @ http://localhost:5174/:0
[ 1127130ms] [ERROR] Failed to load resource: net::ERR_CONNECTION_REFUSED @ http://localhost:5174/:0
[ 1128135ms] [ERROR] Failed to load resource: net::ERR_CONNECTION_REFUSED @ http://localhost:5174/:0
[ 1129140ms] [ERROR] Failed to load resource: net::ERR_CONNECTION_REFUSED @ http://localhost:5174/:0
[ 1130144ms] [ERROR] Failed to load resource: net::ERR_CONNECTION_REFUSED @ http://localhost:5174/:0
[ 1131149ms] [ERROR] Failed to load resource: net::ERR_CONNECTION_REFUSED @ http://localhost:5174/:0
[ 1132154ms] [ERROR] Failed to load resource: net::ERR_CONNECTION_REFUSED @ http://localhost:5174/:0
[ 1133158ms] [ERROR] Failed to load resource: net::ERR_CONNECTION_REFUSED @ http://localhost:5174/:0
[ 1134164ms] [ERROR] Failed to load resource: net::ERR_CONNECTION_REFUSED @ http://localhost:5174/:0
[ 1135168ms] [ERROR] Failed to load resource: net::ERR_CONNECTION_REFUSED @ http://localhost:5174/:0
[ 1136172ms] [ERROR] Failed to load resource: net::ERR_CONNECTION_REFUSED @ http://localhost:5174/:0
[ 1137177ms] [ERROR] Failed to load resource: net::ERR_CONNECTION_REFUSED @ http://localhost:5174/:0
[ 1138183ms] [ERROR] Failed to load resource: net::ERR_CONNECTION_REFUSED @ http://localhost:5174/:0
[ 1139187ms] [ERROR] Failed to load resource: net::ERR_CONNECTION_REFUSED @ http://localhost:5174/:0
[ 1140192ms] [ERROR] Failed to load resource: net::ERR_CONNECTION_REFUSED @ http://localhost:5174/:0
[ 1141196ms] [ERROR] Failed to load resource: net::ERR_CONNECTION_REFUSED @ http://localhost:5174/:0
[ 1142200ms] [ERROR] Failed to load resource: net::ERR_CONNECTION_REFUSED @ http://localhost:5174/:0
[ 1143205ms] [ERROR] Failed to load resource: net::ERR_CONNECTION_REFUSED @ http://localhost:5174/:0
[ 1144211ms] [ERROR] Failed to load resource: net::ERR_CONNECTION_REFUSED @ http://localhost:5174/:0
[ 1145215ms] [ERROR] Failed to load resource: net::ERR_CONNECTION_REFUSED @ http://localhost:5174/:0
[ 1146219ms] [ERROR] Failed to load resource: net::ERR_CONNECTION_REFUSED @ http://localhost:5174/:0
[ 1147223ms] [ERROR] Failed to load resource: net::ERR_CONNECTION_REFUSED @ http://localhost:5174/:0
[ 1148226ms] [ERROR] Failed to load resource: net::ERR_CONNECTION_REFUSED @ http://localhost:5174/:0
[ 1149230ms] [ERROR] Failed to load resource: net::ERR_CONNECTION_REFUSED @ http://localhost:5174/:0
[ 1150235ms] [ERROR] Failed to load resource: net::ERR_CONNECTION_REFUSED @ http://localhost:5174/:0
[ 1151240ms] [ERROR] Failed to load resource: net::ERR_CONNECTION_REFUSED @ http://localhost:5174/:0
[ 1152245ms] [ERROR] Failed to load resource: net::ERR_CONNECTION_REFUSED @ http://localhost:5174/:0
[ 1153249ms] [ERROR] Failed to load resource: net::ERR_CONNECTION_REFUSED @ http://localhost:5174/:0
[ 1154254ms] [ERROR] Failed to load resource: net::ERR_CONNECTION_REFUSED @ http://localhost:5174/:0
[ 1155258ms] [ERROR] Failed to load resource: net::ERR_CONNECTION_REFUSED @ http://localhost:5174/:0
[ 1156264ms] [ERROR] Failed to load resource: net::ERR_CONNECTION_REFUSED @ http://localhost:5174/:0
[ 1157269ms] [ERROR] Failed to load resource: net::ERR_CONNECTION_REFUSED @ http://localhost:5174/:0
[ 1158272ms] [ERROR] Failed to load resource: net::ERR_CONNECTION_REFUSED @ http://localhost:5174/:0
[ 1159276ms] [ERROR] Failed to load resource: net::ERR_CONNECTION_REFUSED @ http://localhost:5174/:0
[ 1160282ms] [ERROR] Failed to load resource: net::ERR_CONNECTION_REFUSED @ http://localhost:5174/:0
[ 1161285ms] [ERROR] Failed to load resource: net::ERR_CONNECTION_REFUSED @ http://localhost:5174/:0
[ 1162289ms] [ERROR] Failed to load resource: net::ERR_CONNECTION_REFUSED @ http://localhost:5174/:0
[ 1163294ms] [ERROR] Failed to load resource: net::ERR_CONNECTION_REFUSED @ http://localhost:5174/:0
[ 1164298ms] [ERROR] Failed to load resource: net::ERR_CONNECTION_REFUSED @ http://localhost:5174/:0
[ 1165302ms] [ERROR] Failed to load resource: net::ERR_CONNECTION_REFUSED @ http://localhost:5174/:0
[ 1166307ms] [ERROR] Failed to load resource: net::ERR_CONNECTION_REFUSED @ http://localhost:5174/:0
[ 1167311ms] [ERROR] Failed to load resource: net::ERR_CONNECTION_REFUSED @ http://localhost:5174/:0
[ 1168315ms] [ERROR] Failed to load resource: net::ERR_CONNECTION_REFUSED @ http://localhost:5174/:0
[ 1169318ms] [ERROR] Failed to load resource: net::ERR_CONNECTION_REFUSED @ http://localhost:5174/:0
[ 1170323ms] [ERROR] Failed to load resource: net::ERR_CONNECTION_REFUSED @ http://localhost:5174/:0
[ 1171327ms] [ERROR] Failed to load resource: net::ERR_CONNECTION_REFUSED @ http://localhost:5174/:0
[ 1172331ms] [ERROR] Failed to load resource: net::ERR_CONNECTION_REFUSED @ http://localhost:5174/:0
[ 1173336ms] [ERROR] Failed to load resource: net::ERR_CONNECTION_REFUSED @ http://localhost:5174/:0
[ 1174340ms] [ERROR] Failed to load resource: net::ERR_CONNECTION_REFUSED @ http://localhost:5174/:0
[ 1175343ms] [ERROR] Failed to load resource: net::ERR_CONNECTION_REFUSED @ http://localhost:5174/:0
[ 1176348ms] [ERROR] Failed to load resource: net::ERR_CONNECTION_REFUSED @ http://localhost:5174/:0
[ 1177353ms] [ERROR] Failed to load resource: net::ERR_CONNECTION_REFUSED @ http://localhost:5174/:0
[ 1178357ms] [ERROR] Failed to load resource: net::ERR_CONNECTION_REFUSED @ http://localhost:5174/:0
[ 1179359ms] [ERROR] Failed to load resource: net::ERR_CONNECTION_REFUSED @ http://localhost:5174/:0
[ 1180364ms] [ERROR] Failed to load resource: net::ERR_CONNECTION_REFUSED @ http://localhost:5174/:0
[ 1181370ms] [ERROR] Failed to load resource: net::ERR_CONNECTION_REFUSED @ http://localhost:5174/:0
[ 1182373ms] [ERROR] Failed to load resource: net::ERR_CONNECTION_REFUSED @ http://localhost:5174/:0
[ 1183377ms] [ERROR] Failed to load resource: net::ERR_CONNECTION_REFUSED @ http://localhost:5174/:0
[ 1184380ms] [ERROR] Failed to load resource: net::ERR_CONNECTION_REFUSED @ http://localhost:5174/:0
[ 1185386ms] [ERROR] Failed to load resource: net::ERR_CONNECTION_REFUSED @ http://localhost:5174/:0
[ 1186390ms] [ERROR] Failed to load resource: net::ERR_CONNECTION_REFUSED @ http://localhost:5174/:0
[ 1187396ms] [ERROR] Failed to load resource: net::ERR_CONNECTION_REFUSED @ http://localhost:5174/:0
[ 1188400ms] [ERROR] Failed to load resource: net::ERR_CONNECTION_REFUSED @ http://localhost:5174/:0
[ 1189403ms] [ERROR] Failed to load resource: net::ERR_CONNECTION_REFUSED @ http://localhost:5174/:0
[ 1190407ms] [ERROR] Failed to load resource: net::ERR_CONNECTION_REFUSED @ http://localhost:5174/:0
[ 1191412ms] [ERROR] Failed to load resource: net::ERR_CONNECTION_REFUSED @ http://localhost:5174/:0
[ 1192416ms] [ERROR] Failed to load resource: net::ERR_CONNECTION_REFUSED @ http://localhost:5174/:0
[ 1193421ms] [ERROR] Failed to load resource: net::ERR_CONNECTION_REFUSED @ http://localhost:5174/:0
[ 1194424ms] [ERROR] Failed to load resource: net::ERR_CONNECTION_REFUSED @ http://localhost:5174/:0
[ 1195430ms] [ERROR] Failed to load resource: net::ERR_CONNECTION_REFUSED @ http://localhost:5174/:0
[ 1196434ms] [ERROR] Failed to load resource: net::ERR_CONNECTION_REFUSED @ http://localhost:5174/:0
[ 1197439ms] [ERROR] Failed to load resource: net::ERR_CONNECTION_REFUSED @ http://localhost:5174/:0
[ 1198443ms] [ERROR] Failed to load resource: net::ERR_CONNECTION_REFUSED @ http://localhost:5174/:0
[ 1199445ms] [ERROR] Failed to load resource: net::ERR_CONNECTION_REFUSED @ http://localhost:5174/:0
[ 1200450ms] [ERROR] Failed to load resource: net::ERR_CONNECTION_REFUSED @ http://localhost:5174/:0
[ 1201455ms] [ERROR] Failed to load resource: net::ERR_CONNECTION_REFUSED @ http://localhost:5174/:0
[ 1202459ms] [ERROR] Failed to load resource: net::ERR_CONNECTION_REFUSED @ http://localhost:5174/:0
[ 1203463ms] [ERROR] Failed to load resource: net::ERR_CONNECTION_REFUSED @ http://localhost:5174/:0
[ 1204467ms] [ERROR] Failed to load resource: net::ERR_CONNECTION_REFUSED @ http://localhost:5174/:0
[ 1205471ms] [ERROR] Failed to load resource: net::ERR_CONNECTION_REFUSED @ http://localhost:5174/:0
[ 1206474ms] [ERROR] Failed to load resource: net::ERR_CONNECTION_REFUSED @ http://localhost:5174/:0
[ 1207477ms] [ERROR] Failed to load resource: net::ERR_CONNECTION_REFUSED @ http://localhost:5174/:0
[ 1208482ms] [ERROR] Failed to load resource: net::ERR_CONNECTION_REFUSED @ http://localhost:5174/:0
[ 1209488ms] [ERROR] Failed to load resource: net::ERR_CONNECTION_REFUSED @ http://localhost:5174/:0
[ 1210493ms] [ERROR] Failed to load resource: net::ERR_CONNECTION_REFUSED @ http://localhost:5174/:0
[ 1211497ms] [ERROR] Failed to load resource: net::ERR_CONNECTION_REFUSED @ http://localhost:5174/:0
[ 1212502ms] [ERROR] Failed to load resource: net::ERR_CONNECTION_REFUSED @ http://localhost:5174/:0
[ 1213506ms] [ERROR] Failed to load resource: net::ERR_CONNECTION_REFUSED @ http://localhost:5174/:0
[ 1214511ms] [ERROR] Failed to load resource: net::ERR_CONNECTION_REFUSED @ http://localhost:5174/:0
[ 1215517ms] [ERROR] Failed to load resource: net::ERR_CONNECTION_REFUSED @ http://localhost:5174/:0
[ 1216521ms] [ERROR] Failed to load resource: net::ERR_CONNECTION_REFUSED @ http://localhost:5174/:0
[ 1217525ms] [ERROR] Failed to load resource: net::ERR_CONNECTION_REFUSED @ http://localhost:5174/:0
[ 1218532ms] [ERROR] Failed to load resource: net::ERR_CONNECTION_REFUSED @ http://localhost:5174/:0
[ 1219536ms] [ERROR] Failed to load resource: net::ERR_CONNECTION_REFUSED @ http://localhost:5174/:0
[ 1220542ms] [ERROR] Failed to load resource: net::ERR_CONNECTION_REFUSED @ http://localhost:5174/:0
[ 1221546ms] [ERROR] Failed to load resource: net::ERR_CONNECTION_REFUSED @ http://localhost:5174/:0
[ 1222551ms] [ERROR] Failed to load resource: net::ERR_CONNECTION_REFUSED @ http://localhost:5174/:0
[ 1223556ms] [ERROR] Failed to load resource: net::ERR_CONNECTION_REFUSED @ http://localhost:5174/:0
[ 1224559ms] [ERROR] Failed to load resource: net::ERR_CONNECTION_REFUSED @ http://localhost:5174/:0
[ 1225562ms] [ERROR] Failed to load resource: net::ERR_CONNECTION_REFUSED @ http://localhost:5174/:0
[ 1226566ms] [ERROR] Failed to load resource: net::ERR_CONNECTION_REFUSED @ http://localhost:5174/:0
[ 1227572ms] [ERROR] Failed to load resource: net::ERR_CONNECTION_REFUSED @ http://localhost:5174/:0
[ 1228575ms] [ERROR] Failed to load resource: net::ERR_CONNECTION_REFUSED @ http://localhost:5174/:0
[ 1229578ms] [ERROR] Failed to load resource: net::ERR_CONNECTION_REFUSED @ http://localhost:5174/:0
[ 1230584ms] [ERROR] Failed to load resource: net::ERR_CONNECTION_REFUSED @ http://localhost:5174/:0
[ 1231589ms] [ERROR] Failed to load resource: net::ERR_CONNECTION_REFUSED @ http://localhost:5174/:0
[ 1232591ms] [ERROR] Failed to load resource: net::ERR_CONNECTION_REFUSED @ http://localhost:5174/:0
[ 1233596ms] [ERROR] Failed to load resource: net::ERR_CONNECTION_REFUSED @ http://localhost:5174/:0
[ 1234600ms] [ERROR] Failed to load resource: net::ERR_CONNECTION_REFUSED @ http://localhost:5174/:0
[ 1235604ms] [ERROR] Failed to load resource: net::ERR_CONNECTION_REFUSED @ http://localhost:5174/:0
[ 1236608ms] [ERROR] Failed to load resource: net::ERR_CONNECTION_REFUSED @ http://localhost:5174/:0
[ 1237613ms] [ERROR] Failed to load resource: net::ERR_CONNECTION_REFUSED @ http://localhost:5174/:0
[ 1238618ms] [ERROR] Failed to load resource: net::ERR_CONNECTION_REFUSED @ http://localhost:5174/:0
[ 1239623ms] [ERROR] Failed to load resource: net::ERR_CONNECTION_REFUSED @ http://localhost:5174/:0
[ 1240628ms] [ERROR] Failed to load resource: net::ERR_CONNECTION_REFUSED @ http://localhost:5174/:0
[ 1241632ms] [ERROR] Failed to load resource: net::ERR_CONNECTION_REFUSED @ http://localhost:5174/:0
[ 1242636ms] [ERROR] Failed to load resource: net::ERR_CONNECTION_REFUSED @ http://localhost:5174/:0
[ 1243638ms] [ERROR] Failed to load resource: net::ERR_CONNECTION_REFUSED @ http://localhost:5174/:0
[ 1244641ms] [ERROR] Failed to load resource: net::ERR_CONNECTION_REFUSED @ http://localhost:5174/:0
[ 1245643ms] [ERROR] Failed to load resource: net::ERR_CONNECTION_REFUSED @ http://localhost:5174/:0
[ 1246644ms] [ERROR] Failed to load resource: net::ERR_CONNECTION_REFUSED @ http://localhost:5174/:0
[ 1247646ms] [ERROR] Failed to load resource: net::ERR_CONNECTION_REFUSED @ http://localhost:5174/:0
[ 1248648ms] [ERROR] Failed to load resource: net::ERR_CONNECTION_REFUSED @ http://localhost:5174/:0
[ 1249749ms] [LOG] %c Console Ninja extension is connected to Vite, background: rgb(30,30,30); color: rgb(255,213,92) see https://tinyurl.com/2vt8jxzw for more info. @ :0
[ 1249974ms] [INFO] %cDownload the React DevTools for a better development experience: https://reactjs.org/link/react-devtools font-weight:bold @ http://localhost:5174/node_modules/.vite/deps/chunk-334SA7H6.js?v=6e2a7132:21550
[ 1250014ms] [WARNING] ⚠️ React Router Future Flag Warning: React Router will begin wrapping state updates in `React.startTransition` in v7. You can use the `v7_startTransition` future flag to opt-in early. For more information, see https://reactrouter.com/v6/upgrading/future#v7_starttransition. @ http://localhost:5174/node_modules/.vite/deps/react-router-dom.js?v=6e2a7132:4426
[ 1250014ms] [WARNING] ⚠️ React Router Future Flag Warning: Relative route resolution within Splat routes is changing in v7. You can use the `v7_relativeSplatPath` future flag to opt-in early. For more information, see https://reactrouter.com/v6/upgrading/future#v7_relativesplatpath. @ http://localhost:5174/node_modules/.vite/deps/react-router-dom.js?v=6e2a7132:4426
[ 1253048ms] [WARNING] The resource http://localhost:5174/fonts/dm-sans-400.woff2 was preloaded using link preload but not used within a few seconds from the window's load event. Please make sure it has an appropriate `as` value and it is preloaded intentionally. @ http://localhost:5174/:0
[ 1253048ms] [WARNING] The resource http://localhost:5174/fonts/playfair-900.woff2 was preloaded using link preload but not used within a few seconds from the window's load event. Please make sure it has an appropriate `as` value and it is preloaded intentionally. @ http://localhost:5174/:0
